0,1,2
1.0,4.403473838811706,4.403473838811706
0.0,0.24333327560044182,0.24333327560044182
1.0,11.70054449178782,11.70054449178782
0.0,0.1767951313144671,0.1767951313144671
1.0,25.43813952907289,25.62814973622368
5.0,14.953938367378449,14.953938367378449
5.0,33.90300880286169,33.90300880286169
0.0,0.010371639675906152,0.010371639675906152
1.0,12.320894271742421,12.320894271742421
0.0,0.09724520901624345,0.09724520901624345
1.0,19.132785633728815,20.776306927319165
5.0,7.687394944325469,7.687394944325469
5.0,90.52678808312146,92.34547288905449
16.0,31.670729298282765,31.670729298282765
16.0,58.15415725885578,58.15415725885578
13.0,65.40997684633255,65.40997684633255
0.0,0.07022462780243188,0.07022462780243188
1.0,1.9572898550163984,1.9572898550163984
0.0,0.16153507006669088,0.16153507006669088
1.0,36.14063780806832,36.18286020265547
4.0,440.15683390850813,445.3290737009172
0.0,0.010465815569070003,0.010465815569070003
1.0,2.130330093538923,7.6130506722784546
13.0,155.28618421355367,155.28618421355367
0.0,0.000989422763460368,0.000989422763460368
2.0,77.35060777201895,77.35060777201895
4.0,117.73162524823776,154.71089363042773
5.0,212.35021281823742,212.35021281823742
5.0,285.79018387004174,292.19534911517883
0.0,0.2742632100605462,0.2742632100605462
1.0,3.4017191389354267,3.4017191389354267
0.0,0.03269269103741834,0.03269269103741834
1.0,3.4336535885729305,3.4336535885729305
6.0,66.3579060820197,66.3579060820197
16.0,17.539755828087927,17.539755828087927
5.0,118.33609285685961,187.9169429565899
0.0,0.01816655280166657,0.01816655280166657
1.0,37.68872369261614,37.68872369261614
0.0,0.04466456352827919,0.04466456352827919
1.0,2.610499477568048,2.610499477568048
0.0,0.11053462905404388,0.11053462905404388
1.0,2.323874288935343,4.683243025949103
6.0,283.4091858890787,283.4091858890787
6.0,43.69048055362293,43.69048055362293
6.0,59.611804905078515,97.6940173040363
0.0,0.10245166952591944,0.10245166952591944
1.0,14.257265102629532,14.257265102629532
13.0,32.4998701825089,32.4998701825089
0.0,0.14460561583624099,0.14460561583624099
1.0,5.292639155717282,5.292639155717282
4.0,23.987753004056657,134.8924369580852
4.0,464.8225296900887,598.5985712057252
5.0,85.85765292387089,235.80477026603774
0.0,0.01785683036675323,0.01785683036675323
1.0,1.629092760046973,1.629092760046973
6.0,394.341168721618,417.01708936970806
0.0,0.020045462787962265,0.020045462787962265
1.0,5.8233557484332295,5.8233557484332295
0.0,0.03534711391669987,0.03534711391669987
1.0,0.44288583213470645,0.44288583213470645
4.0,15.4091944992025,396.5942131182145
5.0,151.78233465134832,306.0322931260686
0.0,0.016426270077872118,0.016426270077872118
1.0,3.0198492542763944,3.0198492542763944
19.0,68.74160958504243,68.74160958504243
6.0,233.97149875216834,293.0199619423804
0.0,0.23431333675993926,0.23431333675993926
0.0,0.005853296991986667,0.027203285166194746
1.0,0.9801047293085077,0.9801047293085077
1.0,8.40419809340284,8.40419809340284
0.0,0.29579154613179526,0.29579154613179526
1.0,0.6604794283391442,0.6604794283391442
6.0,11.319223472264184,242.64448502024553
4.0,50.51948741751062,430.6831924949176
19.0,149.96661987279106,149.96661987279106
7.0,310.91960427384925,310.91960427384925
16.0,52.12199175592281,52.12199175592281
5.0,25.488569233265252,228.88679653237173
0.0,0.07337804368164313,0.07337804368164313
1.0,10.210994695209124,10.210994695209124
6.0,288.8720672873609,513.4113418976517
0.0,0.00015743973142434697,0.00015743973142434697
1.0,3.9974299973086147,3.9974299973086147
0.0,0.027932049870543096,0.027932049870543096
1.0,8.601243654487547,8.601243654487547
0.0,0.007649356812862607,0.007649356812862607
1.0,24.02396238233365,24.02396238233365
0.0,0.15934600212196415,0.15934600212196415
1.0,2.5276784603441342,3.752842404752471
5.0,44.48857935665063,236.61463978036622
0.0,0.0446167500679735,0.0446167500679735
1.0,12.658586138912057,14.780799443626222
6.0,28.78904451906334,284.9836401743896
4.0,77.17130051710876,474.11508192557994
0.0,0.041734613991110336,0.041734613991110336
1.0,14.907286981749564,14.907286981749564
0.0,0.03908477762234952,0.03908477762234952
1.0,9.002386059870759,15.927640269142557
5.0,397.9637074963488,590.3027260475133
6.0,20.817137718760193,285.82447998181976
4.0,634.4874377284808,1079.53245165593
5.0,68.35220579282509,280.77819491406433
19.0,232.3002213975993,232.3002213975993
0.0,0.025381286551095172,0.025381286551095172
1.0,9.4585238838784,9.4585238838784
0.0,0.0024455571729617986,0.0024455571729617986
1.0,1.6644676933358085,1.6644676933358085
6.0,233.39318656598897,506.9350959361053
0.0,0.044053078495323916,0.044053078495323916
1.0,37.78494962291202,37.78494962291202
0.0,0.18187668421586523,0.18187668421586523
1.0,18.168455246683152,18.168455246683152
0.0,0.41948682610188825,0.41948682610188825
1.0,8.51067310575101,10.604215681889201
0.0,0.007163492119673265,0.007163492119673265
2.0,14.570315395537847,14.570315395537847
6.0,245.14232192905718,571.9433195282696
0.0,0.0005134749892192758,0.0005134749892192758
1.0,7.275863703029387,11.666502952965033
4.0,311.5577711628813,742.3239752997483
0.0,0.06523132803107501,0.06523132803107501
1.0,20.040011720431238,22.892715707766996
13.0,229.83228648770498,229.83228648770498
7.0,43.70384180369294,43.70384180369294
0.0,0.15850839224358992,0.15850839224358992
4.0,6.668259227347903,492.7217103591981
1.0,2.5089768929610727,2.9402825219537476
5.0,82.13669993941295,290.0830110173862
6.0,178.59596924844755,622.9572486677566
4.0,2.9282356805855443,476.51642990423204
5.0,458.7455840613549,688.4043115063943
13.0,924.8750206774932,924.8750206774932
0.0,0.004916947297971319,0.004916947297971319
1.0,10.092889369484396,10.092889369484396
0.0,0.041628865446284635,0.041628865446284635
1.0,9.75829149201087,9.75829149201087
0.0,0.21341447291129612,0.21341447291129612
1.0,39.0116256254893,39.0116256254893
4.0,244.31888720325912,705.8040298353568
6.0,61.428273413575084,513.4040992399389
16.0,49.66129469863512,49.66129469863512
22.0,52.96310870579964,52.96310870579964
0.0,0.14530455255831498,0.14530455255831498
1.0,9.440651060158615,9.440651060158615
0.0,0.18145750725295784,0.18145750725295784
1.0,4.8799872134884765,4.8799872134884765
0.0,0.15147960002502714,0.15147960002502714
1.0,6.6229720179183005,8.218290025922613
5.0,90.02910995543238,330.2941045902886
4.0,203.16761437309253,886.7096768113156
16.0,882.6627702033581,882.6627702033581
5.0,6.1528510686148365,329.82398364098515
0.0,0.039520681859528395,0.039520681859528395
1.0,14.476895910987594,14.476895910987594
0.0,0.41810012998405455,0.41810012998405455
1.0,5.16415098930031,5.16415098930031
5.0,39.84023651790244,359.6062930044512
6.0,288.2516902990578,767.8503213120023
4.0,90.77756762315164,756.9632591872856
0.0,0.002492471076379843,0.002492471076379843
1.0,3.7093721814154605,3.7093721814154605
0.0,0.02089667026513098,0.02089667026513098
1.0,31.849251407077475,31.849251407077475
5.0,241.46544837358476,585.1327547358329
0.0,0.009279233813458632,0.009279233813458632
1.0,9.973851818116088,9.973851818116088
0.0,0.031599424237128915,0.031599424237128915
1.0,14.921150896371671,14.921150896371671
0.0,0.0006138753436175648,0.0006138753436175648
1.0,29.307679257086306,38.07179742168677
0.0,0.17828936063762058,0.17828936063762058
2.0,3.5301250826672117,3.5301250826672117
0.0,0.3897402331195394,0.3897402331195394
2.0,12.572786915777499,12.572786915777499
7.0,62.737628768062166,62.737628768062166
6.0,46.61858480050978,505.7058045468759
4.0,333.6299127667796,1060.881880160729
7.0,219.95466353910098,219.95466353910098
0.0,0.08551946911222785,0.08551946911222785
1.0,2.0399426736981923,2.0399426736981923
5.0,283.62490285599495,722.8575330057363
6.0,52.429980344959745,544.106585921744
0.0,0.010580166813042524,0.010580166813042524
1.0,30.85631181442494,30.85631181442494
16.0,105.8034889509662,105.8034889509662
5.0,223.6675203965234,764.8609350992346
0.0,0.07785507313309381,0.07785507313309381
1.0,4.413770132400771,4.413770132400771
16.0,218.319326362825,218.319326362825
5.0,413.127612661023,980.509196442861
4.0,513.4529968517909,1308.7785706208238
19.0,128.6375612756492,128.6375612756492
16.0,99.80870723896794,180.1236269566689
19.0,3.1402271002007183,3.1402271002007183
0.0,0.004175349944205209,0.004175349944205209
1.0,12.713916541149615,12.713916541149615
0.0,0.005833560380324343,0.005833560380324343
1.0,10.556595564848521,10.556595564848521
22.0,112.41571518172333,112.41571518172333
0.0,0.2679189684777725,0.2679189684777725
1.0,6.634890416293729,6.634890416293729
0.0,0.2720238867975695,0.2720238867975695
1.0,40.87047083984595,46.466484349770724
0.0,0.022107817386256556,0.022107817386256556
2.0,3.8900307396361313,3.8900307396361313
0.0,0.07553569383850345,0.07553569383850345
2.0,0.05158393659627336,0.05158393659627336
7.0,119.10096033799647,119.10096033799647
0.0,0.05281915438723672,0.05281915438723672
7.0,33.427145443721315,97.9283708700724
2.0,15.626170900499403,15.626170900499403
6.0,51.713671139165285,511.22086963368884
5.0,157.682374080179,821.4813030980852
0.0,0.08806601219407639,0.08806601219407639
1.0,1.6067470921068434,1.6067470921068434
6.0,123.6380279730422,607.8244610983274
5.0,45.485009260348534,764.9353225544462
8.0,320.8901803760651,320.8901803760651
17.0,312.86248351856153,312.86248351856153
0.0,0.10849722562500119,0.10849722562500119
1.0,87.12922997293737,87.12922997293737
0.0,0.13298915600341843,0.13298915600341843
1.0,20.115327963931122,20.115327963931122
0.0,0.0005619851726805791,0.0005619851726805791
1.0,74.17263013198846,90.06103688832962
0.0,0.021250398721917918,0.021250398721917918
2.0,19.506721264312375,19.506721264312375
19.0,365.5728064372982,365.5728064372982
6.0,19.42726315286336,489.77766194670625
17.0,42.73850676306171,42.73850676306171
5.0,195.84197861068878,923.3191517749251
8.0,125.90498692807842,125.90498692807842
0.0,0.019524720169783905,0.019524720169783905
1.0,40.61831337788959,40.61831337788959
22.0,26.24693166229298,26.24693166229298
0.0,0.007594494731051782,0.007594494731051782
1.0,21.564529578966642,55.10318042333233
19.0,42.44924976039795,42.44924976039795
0.0,0.21901796125206374,0.21901796125206374
2.0,4.913733682653572,4.913733682653572
0.0,0.002303012220806977,0.002303012220806977
2.0,4.909089006659769,4.909089006659769
0.0,0.04663121152395888,0.04663121152395888
2.0,25.58057462870579,25.58057462870579
0.0,0.17752129285912588,0.17752129285912588
2.0,6.2961170046961,7.784724162123382
7.0,57.09572543390283,81.4977943505911
8.0,1.5923713399442363,1.5923713399442363
0.0,0.015813050819645014,0.015813050819645014
2.0,17.365274160128934,17.365274160128934
25.0,246.48541354523786,246.48541354523786
0.0,0.10777545786811515,0.10777545786811515
2.0,4.855665484428414,5.148516120729198
8.0,206.74195187339654,206.74195187339654
16.0,239.61849217699478,322.300556710893
8.0,68.19658914416732,166.73074342685078
0.0,0.032382739703962216,0.032382739703962216
2.0,35.52297430790833,35.52297430790833
19.0,50.007871573830926,71.63998361546868
0.0,0.06930443889433491,0.06930443889433491
2.0,2.0405828433605393,5.686200981848458
9.0,474.0660853594558,474.0660853594558
9.0,23.273475402474787,23.273475402474787
9.0,69.20232317422887,69.20232317422887
22.0,73.6154221537576,73.6154221537576
0.0,0.09736564092986555,0.09736564092986555
2.0,7.627953514218007,7.627953514218007
6.0,154.55791734035108,586.8352121064399
0.0,0.022365719054732836,0.022365719054732836
1.0,4.836585735514063,12.368187269492864
0.0,0.0687287138171655,0.0687287138171655
2.0,5.239734259393231,5.239734259393231
0.0,0.0030771054123306385,0.0030771054123306385
2.0,8.129159091847157,12.039743767949744
7.0,119.86134830343599,130.42094116991512
9.0,65.29580059599999,76.53221917902454
5.0,40.493222043404785,759.4354934930637
0.0,0.006085723194360071,0.006085723194360071
1.0,11.4958106093016,12.494315829400932
0.0,0.2875012178547536,0.2875012178547536
6.0,528.6148600096859,1030.6224899311874
1.0,32.87436308295037,37.02384695542764
7.0,24.54080787085229,65.12879185721886
0.0,0.030882483901223168,0.030882483901223168
2.0,6.4739949825476515,6.4739949825476515
13.0,172.0100338458517,172.0100338458517
0.0,0.0790742377088236,0.0790742377088236
2.0,0.5764673965773568,0.5764673965773568
4.0,173.9008296723498,939.6691911511023
8.0,855.5228155163021,990.2996371118434
22.0,299.2367388555107,299.2367388555107
28.0,210.0346789431548,210.0346789431548
5.0,303.9915149199453,1049.5317739283705
9.0,52.04786852259838,96.84112650435219
7.0,130.3372921605096,169.68031434483845
0.0,0.0010862530760391564,0.0010862530760391564
1.0,14.836611226283424,14.836611226283424
6.0,72.23202337752264,619.4472375315383
17.0,935.2896202992672,935.2896202992672
0.0,0.10704901107658316,0.10704901107658316
0.0,0.06408680161644043,0.06876870220071396
1.0,1.1302730386449298,1.1302730386449298
1.0,20.71001144532528,21.776197682353768
13.0,131.40215903788055,131.40215903788055
4.0,82.69290644179296,950.5031656505325
0.0,0.0711766124890687,0.0711766124890687
1.0,8.253725104385978,13.641092596397186
5.0,391.28101452889314,1209.9007252081312
0.0,0.22501086228749045,0.22501086228749045
1.0,3.606751282559003,9.709156467342723
0.0,0.1646931202973292,0.1646931202973292
2.0,17.565527742976656,17.565527742976656
4.0,230.8110112907268,1140.8631097114394
19.0,75.22411676432648,75.22411676432648
6.0,377.1554526617242,914.4440387338427
5.0,68.62192702860193,886.961120178106
0.0,0.1953578092978887,0.1953578092978887
6.0,24.11735501533053,615.2068127476884
1.0,20.108203964723657,20.108203964723657
0.0,0.0854834547911878,0.0854834547911878
1.0,14.868107480480717,14.868107480480717
22.0,75.01601085285256,75.01601085285256
0.0,0.24042224157790315,0.24042224157790315
1.0,28.46394420887259,28.46394420887259
0.0,0.08114572871215842,0.08114572871215842
1.0,11.255191455624981,21.474974134844956
0.0,0.05598232663021463,0.05598232663021463
2.0,11.616129654062206,11.616129654062206
0.0,0.0077985151154962296,0.0077985151154962296
2.0,4.614016888860078,4.614016888860078
7.0,83.13071934081222,102.2212548703036
22.0,157.45352693655877,167.66826089029462
7.0,24.67767925826115,96.75233177186908
0.0,0.0059637892433102024,0.0059637892433102024
2.0,9.520090874494144,9.520090874494144
28.0,477.76302314932366,477.76302314932366
4.0,144.9564409996242,1058.7746715287863
9.0,396.81005762719894,409.89795594553493
5.0,30.32620900124971,894.6380036524273
9.0,204.13999179070663,247.4483993163517
0.0,0.014476298611612037,0.014476298611612037
1.0,4.286144590078607,4.286144590078607
6.0,301.6844753407554,889.6611729567736
22.0,40.96215971370236,91.43736269570263
13.0,114.9427453784881,195.82541699885803
0.0,0.2537696800128515,0.2537696800128515
1.0,9.634682507901175,9.634682507901175
4.0,138.15878513829102,1182.3918552163323
25.0,616.721207537128,616.721207537128
28.0,275.2206886093778,275.2206886093778
0.0,0.03345408980874254,0.03345408980874254
1.0,10.364169647357699,10.364169647357699
4.0,50.64810154023144,1153.1088559204986
5.0,66.01596275173529,940.7070281273443
0.0,0.3114035297139708,0.3114035297139708
1.0,1.1332069889787135,1.1332069889787135
4.0,121.63445750526489,1211.5468798262693
0.0,0.052782352379836084,0.052782352379836084
1.0,19.91748411197716,19.91748411197716
0.0,0.11460318539195669,0.11460318539195669
1.0,14.704211393226615,14.704211393226615
16.0,17.239592475888912,17.239592475888912
28.0,52.30098805201749,162.0480246494642
16.0,445.13319794739255,456.2199393546666
0.0,0.021141639707479953,0.021141639707479953
1.0,7.337925518436691,7.337925518436691
5.0,66.84203845415004,976.2861894174914
0.0,0.10812611731319066,0.10812611731319066
1.0,1.8809341997499587,1.8809341997499587
5.0,92.01680104449724,1035.7550757828517
5.0,92.7412430470622,1064.4319047507095
0.0,0.07147449204592249,0.07147449204592249
1.0,0.7501648004337085,0.7501648004337085
6.0,13.466110761528626,853.1770578134559
4.0,14.584706972391814,1121.6802907790307
0.0,0.0885641609271488,0.0885641609271488
0.0,0.4767878256213862,0.518763579618053
1.0,24.764632834533245,24.764632834533245
1.0,7.846953182878337,7.846953182878337
0.0,0.07588700254143532,0.07588700254143532
1.0,19.218181594277553,19.218181594277553
0.0,0.15058295622156948,0.15058295622156948
1.0,4.604430115377454,10.23206935537803
22.0,144.313857916164,178.58823039101753
5.0,72.12576531954846,1094.9277831983673
0.0,0.053147636406833954,0.053147636406833954
1.0,24.445500971742945,24.821208646336572
14.0,217.33543949599584,217.33543949599584
0.0,0.18472941618051664,0.18472941618051664
0.0,0.8060682196219204,0.9569426337326377
1.0,4.459217159417449,7.7842677114064145
2.0,5.411189911498468,5.411189911498468
25.0,4.651255428343688,4.651255428343688
4.0,89.70039685271217,1190.2189704074622
7.0,37.03308695651003,43.995908745754605
0.0,0.08508450027807157,0.08508450027807157
1.0,26.106321599225566,26.106321599225566
0.0,0.138220671976228,0.138220671976228
5.0,29.15694004337479,1065.1876419409487
1.0,0.1940131994707599,0.1940131994707599
6.0,243.6918779769817,1129.8722772014846
0.0,0.009553676097652897,0.009553676097652897
1.0,2.276117483006601,2.276117483006601
14.0,407.38546327815334,407.38546327815334
0.0,0.03151926787302273,0.03151926787302273
1.0,1.3755812938690042,1.9586854754904834
4.0,219.02487149738317,1368.090252669956
4.0,168.6720400257566,1349.4741954227861
23.0,225.76274542073827,225.76274542073827
16.0,17.647127113802526,162.9544848862522
23.0,37.608456912519955,37.608456912519955
0.0,0.12809068313151784,0.12809068313151784
1.0,39.555284448274506,39.555284448274506
5.0,153.40443123906402,1205.983033918926
0.0,0.05747893024590667,0.05747893024590667
1.0,37.081687258831494,37.081687258831494
0.0,0.09727434148430802,0.09727434148430802
1.0,13.021022881932367,13.951473492334117
0.0,0.20399905013471198,0.20399905013471198
2.0,4.080236757526336,4.080236757526336
5.0,103.92541382249783,1156.714769442825
19.0,273.01945450407743,273.01945450407743
7.0,125.39969897640333,125.39969897640333
25.0,9.092423409737421,9.092423409737421
0.0,0.17716826330490676,0.17716826330490676
1.0,14.953034795807866,20.325315313288797
0.0,0.010733937198665444,0.010733937198665444
2.0,8.505801237965557,8.505801237965557
0.0,0.0605871634079449,0.0605871634079449
2.0,24.122161820237466,24.122161820237466
0.0,0.06885382266034412,0.06885382266034412
2.0,14.239114155367929,14.239114155367929
22.0,122.941114491245,160.27208322103002
0.0,0.07653232427435341,0.07653232427435341
2.0,1.1727653878444926,5.897476063791146
6.0,117.96146168267501,1209.311173287698
0.0,0.020682830714235934,0.020682830714235934
1.0,3.8542668140340766,13.728999013124394
7.0,83.94978876355981,83.94978876355981
23.0,175.50925012826315,175.50925012826315
7.0,444.79528279663384,444.79528279663384
0.0,0.12946836502555925,0.12946836502555925
2.0,21.348913987518927,21.348913987518927
7.0,119.39457735525866,195.86086090640458
6.0,107.33719578350656,1304.601608524742
4.0,21.12096163894921,1324.1841202824344
0.0,0.12138274375115543,0.12138274375115543
1.0,52.432998032894375,52.432998032894375
0.0,0.09806115480955668,0.09806115480955668
1.0,9.7441178626201,10.172879045037462
5.0,77.56975401078057,1115.0825378674908
8.0,290.6249996917538,290.6249996917538
0.0,0.16207414964208056,0.16207414964208056
1.0,28.212519337388017,28.212519337388017
0.0,0.09220669448814078,0.09220669448814078
1.0,28.278637404138294,32.117362250057795
0.0,0.09221590139895852,0.09221590139895852
2.0,6.627026714484259,6.627026714484259
13.0,137.74053974838716,137.74053974838716
8.0,34.9233812041432,50.111032841680185
9.0,0.39960659206656146,98.82238988522215
13.0,1.4310048738039995,51.440480974770935
0.0,0.014925837561349908,0.014925837561349908
1.0,21.21743796361011,33.93968600611038
14.0,472.28694869300875,472.28694869300875
0.0,0.13558384943098645,0.13558384943098645
2.0,42.400232951306975,42.400232951306975
0.0,0.08075811205253558,0.08075811205253558
2.0,6.840006894236353,6.840006894236353
25.0,97.86646746114945,97.86646746114945
0.0,0.17706934640546024,0.17706934640546024
2.0,22.68129275926401,22.68129275926401
8.0,82.16064223716467,112.4613403488953
0.0,0.30409694379955,0.30409694379955
1.0,1.1302614978736756,5.1102078709170655
0.0,0.4168579068048075,0.4168579068048075
2.0,4.287571218867129,4.287571218867129
7.0,399.7595411043741,460.96486374473056
0.0,0.014198964205775155,0.014198964205775155
1.0,9.59414927219268,9.59414927219268
0.0,0.01014627293261583,0.01014627293261583
1.0,24.154781438702685,26.281010154169735
8.0,504.76865383545,595.6822184132687
5.0,80.36622217428112,1141.604138462525
0.0,0.46215209359331766,0.46215209359331766
0.0,0.20777294806202917,0.31174644603675006
1.0,4.428239004046645,4.428239004046645
1.0,4.499712986365807,4.499712986365807
25.0,12.362421014041274,12.362421014041274
0.0,0.10665756615912869,0.10665756615912869
1.0,3.2083205348591264,4.965674000075296
8.0,181.2372756191512,413.13924326634947
5.0,124.2462808832945,1188.6010393028223
0.0,0.03559463632586812,0.03559463632586812
1.0,5.2126076035892766,5.2126076035892766
0.0,0.14518354911513143,0.14518354911513143
1.0,5.9660182007069125,5.9660182007069125
22.0,243.1882942310142,276.2107414012768
19.0,149.84271567393967,170.98787989385028
0.0,0.10990702971741939,0.10990702971741939
1.0,6.088207797750442,6.319981461928251
0.0,0.01533281140109466,0.01533281140109466
1.0,35.725436731082254,37.92878164247736
17.0,154.95997841072392,154.95997841072392
0.0,0.35745400018208784,0.35745400018208784
2.0,42.911574770745915,42.911574770745915
5.0,88.75913250808321,1177.0581207478078
0.0,0.08685374705066806,0.08685374705066806
1.0,23.810192494376793,23.810192494376793
0.0,0.10045102390176908,0.10045102390176908
1.0,3.8535110628022267,5.551291530703111
0.0,0.05981989433337276,0.05981989433337276
5.0,62.489124736578106,1177.6628310703782
1.0,8.724224383219394,12.542581963404132
20.0,139.75426242409708,139.75426242409708
0.0,0.12662188172316746,0.12662188172316746
2.0,14.688279362986464,14.688279362986464
0.0,0.03394978984806585,0.03394978984806585
1.0,3.5835469920666583,6.343588011169004
0.0,0.04323771239728558,0.04323771239728558
2.0,3.457467090185446,3.457467090185446
0.0,0.026964843451764864,0.026964843451764864
2.0,3.470140781655232,6.437961195048388
7.0,116.35235903287185,212.88705359169614
9.0,87.366613486294,102.17577316111647
7.0,3.528525516781656,212.94543832682257
23.0,51.716362017988445,51.716362017988445
0.0,0.07319608013085599,0.07319608013085599
1.0,1.121374315829371,1.121374315829371
0.0,0.030739707655470738,0.030739707655470738
1.0,15.019433905247638,15.019433905247638
28.0,148.61062318732945,148.61062318732945
28.0,263.224677630511,298.9139261074075
0.0,0.11301290183439505,0.11301290183439505
1.0,7.375326270133428,7.375326270133428
0.0,0.01577813442338538,0.01577813442338538
1.0,17.99779397737575,17.99779397737575
0.0,0.015476656447617643,0.015476656447617643
1.0,7.415810170664599,12.642200747957077
9.0,196.56764757388157,278.03895509554377
0.0,0.0090630135724723,0.0090630135724723
2.0,1.6513729630115677,1.6513729630115677
9.0,589.9788422614471,725.8183938831824
0.0,0.0808999358591791,0.0808999358591791
1.0,1.3485693813518083,1.3485693813518083
19.0,311.8979140798417,427.4055068344521
5.0,22.545669071030943,1148.2764685638267
0.0,0.03605764956591884,0.03605764956591884
1.0,15.504374791022542,15.504374791022542
0.0,0.0998914347792379,0.0998914347792379
1.0,32.53365334527325,32.53365334527325
0.0,0.061689458045748324,0.061689458045748324
1.0,18.853290687391677,18.853290687391677
25.0,47.96782903389226,47.96782903389226
0.0,0.07683630804331187,0.07683630804331187
1.0,21.63216516193995,23.955344355461307
20.0,184.041750841331,184.041750841331
0.0,0.01926975579056034,0.01926975579056034
1.0,2.8759944303365046,9.925402407445404
0.0,0.010244014623594921,0.010244014623594921
2.0,39.2628418809752,39.2628418809752
0.0,0.06215675782209473,0.06215675782209473
2.0,5.344100627927787,5.344100627927787
8.0,30.336787550009376,343.4140123300507
0.0,0.20806162744793255,0.20806162744793255
1.0,23.797145902013312,23.797145902013312
0.0,0.056322745057059365,0.056322745057059365
1.0,11.281922963124202,11.911516119403359
0.0,0.11026696066710429,0.11026696066710429
1.0,67.09937209643829,67.23637801465736
20.0,24.749209994392686,24.749209994392686
0.0,0.061419885118766615,0.061419885118766615
1.0,7.534891965712745,7.534891965712745
0.0,0.02893268824027473,0.02893268824027473
1.0,0.2227181485775418,3.907519170120281
22.0,80.9218687304616,80.9218687304616
16.0,74.7781876400528,74.7781876400528
7.0,527.4516459405644,643.7891579343585
0.0,0.0259444516258327,0.0259444516258327
1.0,28.05633170834244,28.05633170834244
0.0,0.13516141713523666,0.13516141713523666
1.0,1.029439712393355,1.029439712393355
28.0,108.15310491908633,168.99750802805522
20.0,638.5914422727625,641.366103432231
0.0,0.008646858269912627,0.008646858269912627
1.0,20.756593840484356,20.756593840484356
0.0,0.023896886445868404,0.023896886445868404
1.0,17.790476516665308,33.344841593694696
0.0,0.0726111685480646,0.0726111685480646
2.0,14.129314114959243,14.129314114959243
0.0,0.2882443324167525,0.2882443324167525
2.0,9.450511631807103,9.450511631807103
20.0,5.046039550906926,5.046039550906926
9.0,189.0491443420308,232.68365391336886
7.0,526.1601205390016,730.8871482830422
0.0,0.12600661400620083,0.12600661400620083
1.0,2.799943344905728,2.799943344905728
16.0,153.16556517971003,187.65681607043598
0.0,0.029777341474414243,0.029777341474414243
1.0,1.3771371967512778,1.9885360292568066
0.0,0.11687793779231015,0.11687793779231015
1.0,1.3027919598779363,1.3027919598779363
0.0,0.0055356932667791625,0.0055356932667791625
1.0,1.7999790009113212,1.7999790009113212
0.0,0.3581695359102923,0.3581695359102923
1.0,1.5158882370835727,2.334737506023771
0.0,0.10174328977996083,0.10174328977996083
1.0,23.523302004208972,23.523302004208972
0.0,0.0015986185671863495,0.0015986185671863495
1.0,57.061515326544054,57.061515326544054
29.0,168.47290534372235,168.47290534372235
13.0,20.16246436875656,20.16246436875656
13.0,64.20600569975545,64.20600569975545
0.0,0.012603426980604127,0.012603426980604127
1.0,9.057810184927575,9.057810184927575
28.0,187.7303698144509,251.62730856368535
0.0,0.11972313280978142,0.11972313280978142
1.0,9.917345199102897,9.917345199102897
0.0,0.04253502574124468,0.04253502574124468
1.0,44.26641898821879,44.26641898821879
0.0,0.002075677992365854,0.002075677992365854
1.0,1.0676470045090127,1.0676470045090127
0.0,0.023952116618602304,0.023952116618602304
1.0,4.124511832181156,4.124511832181156
0.0,0.26418811248322527,0.26418811248322527
1.0,30.31717640303259,33.40634456187388
25.0,306.17325420931957,306.17325420931957
0.0,0.053155882609871696,0.053155882609871696
1.0,14.042188244074396,24.903001193661453
0.0,0.09379191224945771,0.09379191224945771
2.0,55.916417900491865,55.916417900491865
19.0,32.63404409721841,32.63404409721841
0.0,0.10017074189613595,0.10017074189613595
2.0,0.8566267517135202,0.8566267517135202
9.0,21.475992791875797,112.96178269047846
22.0,5.103693211648874,5.103693211648874
0.0,0.052126307317735154,0.052126307317735154
1.0,0.6901256997559813,13.34793494003145
22.0,122.49138575808058,122.49138575808058
0.0,0.16099846016902575,0.16099846016902575
2.0,13.448172229557372,13.448172229557372
0.0,0.12298761616466436,0.12298761616466436
2.0,17.550387818832178,17.550387818832178
0.0,0.016092039467935138,0.016092039467935138
2.0,8.14836363134782,19.598225302892956
0.0,0.10251703563983483,0.10251703563983483
3.0,19.686597905078543,19.686597905078543
0.0,0.05661649685339398,0.05661649685339398
3.0,3.226542367627303,3.226542367627303
10.0,107.06683385735062,107.06683385735062
0.0,0.1645570203764919,0.1645570203764919
1.0,19.88308650196484,19.88308650196484
7.0,19.66042925800525,193.1792518197168
0.0,0.17096763895381173,0.17096763895381173
1.0,10.848406728318764,10.848406728318764
0.0,0.16791483668919227,0.16791483668919227
1.0,2.8602672054136065,2.8602672054136065
8.0,471.7948092548195,645.0197261483615
0.0,0.19027917960158902,0.19027917960158902
1.0,27.733510701203045,27.733510701203045
9.0,125.33563381093268,207.97926759143718
0.0,0.07340514522957164,0.07340514522957164
1.0,19.104984304535378,23.259983816303702
10.0,224.10355733938275,224.10355733938275
7.0,213.79847050924877,382.02949972248143
13.0,51.98750850544957,51.98750850544957
0.0,0.08911345073966004,0.08911345073966004
1.0,31.289740288300436,31.289740288300436
16.0,60.66574862444622,69.89160247008067
0.0,0.00553493856523346,0.00553493856523346
1.0,35.44684250764044,35.44684250764044
19.0,10.119635296771776,10.119635296771776
0.0,0.11894247443797212,0.11894247443797212
1.0,1.5808857547990556,1.5808857547990556
0.0,0.1407992427712088,0.1407992427712088
0.0,0.03723121870848445,0.15028152292734376
1.0,38.12976078361885,38.8743718328742
2.0,6.49029744815698,6.49029744815698
0.0,0.020416498524809867,0.020416498524809867
1.0,9.747512700650532,26.88265573868398
8.0,62.853253420869805,339.06558607481315
0.0,0.01069910094770421,0.01069910094770421
2.0,11.227254330421601,11.227254330421601
19.0,150.68222234158247,150.68222234158247
0.0,0.01099803410511413,0.01099803410511413
2.0,18.99206377440032,18.99206377440032
0.0,0.1145897824342228,0.1145897824342228
2.0,19.76085064954441,19.76085064954441
9.0,28.378731415426955,100.56931845700478
0.0,0.029364248604224485,0.029364248604224485
1.0,2.626492435193313,10.407670830590178
0.0,0.03209651044448947,0.03209651044448947
2.0,15.320820537961026,15.320820537961026
28.0,243.50009783744827,243.50009783744827
0.0,0.020050885876344182,0.020050885876344182
0.0,0.16847460025564942,0.16965773766537495
1.0,88.74621217558865,88.74621217558865
1.0,4.0690851029578425,4.3960333376248855
9.0,630.2730457797095,719.4782166436053
7.0,201.06902626262445,532.2695523684854
8.0,216.66626992815804,524.3680402553925
0.0,0.010531028495506689,0.010531028495506689
1.0,1.29796804195189,1.29796804195189
0.0,0.05522749943361305,0.05522749943361305
1.0,0.577654500137669,0.577654500137669
0.0,0.10483655239727341,0.10483655239727341
1.0,29.104019263562577,29.104019263562577
0.0,0.06320903316554904,0.06320903316554904
1.0,6.341412632860738,6.341412632860738
16.0,44.35615579726277,48.63238822050221
28.0,182.637296716533,182.637296716533
0.0,0.010344230047849123,0.010344230047849123
1.0,9.615129863157563,9.934547660733188
31.0,338.49780360511613,338.49780360511613
0.0,0.3053293446641874,0.3053293446641874
1.0,15.526614881555133,16.789294799047866
0.0,0.05101001127627569,0.05101001127627569
2.0,2.490995305260867,2.490995305260867
0.0,0.0021618774983380717,0.0021618774983380717
2.0,3.8966019456036065,3.8966019456036065
19.0,45.22999688926325,139.29850236660354
0.0,0.1471015113811518,0.1471015113811518
1.0,1.077956301197446,10.78245502505024
22.0,30.334737818616304,30.334737818616304
9.0,731.613436879164,841.1463217898429
7.0,57.698090865060976,460.8933281753498
0.0,0.1525303549030923,0.1525303549030923
2.0,2.405091563308133,2.405091563308133
0.0,0.012301538433803216,0.012301538433803216
2.0,11.25570637530268,11.25570637530268
9.0,87.13698714602742,492.9644373487613
0.0,0.16439238143766488,0.16439238143766488
2.0,9.041847842400102,9.041847842400102
0.0,0.009271512612258448,0.009271512612258448
1.0,5.4664510964835245,5.9700870080866935
0.0,0.018756615493202844,0.018756615493202844
1.0,6.356996012978925,6.416044080866641
7.0,28.534082029360434,473.36289411701796
8.0,275.7656177733734,620.2534370939345
20.0,96.70345062096885,96.70345062096885
28.0,181.42274743154894,244.0009116532035
0.0,0.0701465959032248,0.0701465959032248
1.0,19.476238919560956,19.476238919560956
16.0,310.3150242881643,310.3150242881643
13.0,77.24842269676378,77.24842269676378
0.0,0.10805645047025791,0.10805645047025791
1.0,27.055700326279748,27.055700326279748
0.0,0.09368901562220344,0.09368901562220344
1.0,34.56312584353668,51.04532709346245
25.0,125.18621546916302,125.18621546916302
29.0,308.94893359617663,308.94893359617663
0.0,0.04134242729833204,0.04134242729833204
1.0,3.4416660705235245,3.4416660705235245
0.0,0.37455074692365997,0.37455074692365997
1.0,31.023168336831304,31.023168336831304
0.0,0.07600282512294143,0.07600282512294143
1.0,42.89644230556769,42.89644230556769
0.0,0.030573505054917405,0.030573505054917405
1.0,0.05448656142925756,14.764885445802065
22.0,185.53314923930384,185.53314923930384
0.0,0.030752711779769015,0.030752711779769015
2.0,11.177317760854294,11.177317760854294
25.0,51.73068587470675,51.73068587470675
0.0,0.015462583381577133,0.015462583381577133
1.0,47.08591831037461,47.08591831037461
16.0,302.74419369294515,302.74419369294515
0.0,0.021922616627534808,0.021922616627534808
1.0,2.1448257302861293,8.355853625664167
22.0,204.43821384827515,204.43821384827515
0.0,0.02977222596177853,0.02977222596177853
2.0,6.772487930893021,6.772487930893021
0.0,0.06034677852585446,0.06034677852585446
1.0,26.175619021638795,28.26273608075394
0.0,0.034323052549780186,0.034323052549780186
1.0,18.16590917847475,20.950681693250317
0.0,0.18329788304754402,0.18329788304754402
2.0,3.2537907851265118,3.2537907851265118
8.0,306.506266441291,695.0281022746294
28.0,382.25180996894505,439.5534728745454
0.0,0.12907802138329316,0.12907802138329316
0.0,0.08022555235265827,0.1606355567148512
1.0,27.235936713927913,35.12561243025357
2.0,11.225461354084018,11.225461354084018
16.0,67.47929876882267,67.47929876882267
0.0,0.10576330282106028,0.10576330282106028
1.0,3.567404711598556,3.567404711598556
0.0,0.038663166874812305,0.038663166874812305
1.0,3.219922810239268,6.1000250067947945
31.0,263.33388851861946,263.33388851861946
0.0,0.2219528570321927,0.2219528570321927
1.0,8.129414156456733,8.129414156456733
13.0,249.45001888235151,249.45001888235151
0.0,0.01939913492128653,0.01939913492128653
1.0,33.6463078172801,33.6463078172801
0.0,0.056886895534262294,0.056886895534262294
1.0,29.43802550548162,29.43802550548162
0.0,0.02473095516961621,0.02473095516961621
1.0,5.595611910615844,5.595611910615844
0.0,0.05384335067333268,0.05384335067333268
1.0,16.317045337386844,21.85162830282775
0.0,0.028803188374922684,0.028803188374922684
2.0,1.0234281213101895,1.0234281213101895
0.0,0.03199066969091291,0.03199066969091291
2.0,8.772939703610973,8.772939703610973
7.0,57.926451425411415,386.29444086889
0.0,0.03881618316177082,0.03881618316177082
1.0,2.635696698250058,2.635696698250058
0.0,0.053273302371735554,0.053273302371735554
1.0,5.336886628933371,5.336886628933371
0.0,0.08336521596743296,0.08336521596743296
1.0,10.492357177857684,10.492357177857684
0.0,0.02595373363010367,0.02595373363010367
1.0,2.361569072715838,2.361569072715838
0.0,0.31688666138734334,0.31688666138734334
1.0,9.363965833785414,9.363965833785414
0.0,0.10142432656334677,0.10142432656334677
1.0,0.836878371246712,0.836878371246712
0.0,0.16845626078156783,0.16845626078156783
1.0,12.24265287751382,12.24265287751382
16.0,63.21463554161164,63.21463554161164
25.0,227.0004483953494,227.0004483953494
16.0,10.53084737041263,62.16552405481343
0.0,0.04310605068371842,0.04310605068371842
1.0,4.266631394419619,4.266631394419619
0.0,0.11604319050547929,0.11604319050547929
1.0,3.793898920697984,3.793898920697984
0.0,0.08793831813591169,0.08793831813591169
1.0,45.420615062994784,45.420615062994784
0.0,0.06482974469599867,0.06482974469599867
1.0,11.399330690765964,11.399330690765964
0.0,0.21024285814860377,0.21024285814860377
1.0,13.290234723327558,13.290234723327558
0.0,0.09891889979053303,0.09891889979053303
1.0,0.2649648179738051,10.093210623328105
0.0,0.02188067729048271,0.02188067729048271
2.0,5.823590349041069,5.823590349041069
0.0,0.31704017702304554,0.31704017702304554
0.0,0.11234123860845102,0.2963695702082987
2.0,11.811582101254317,11.811582101254317
2.0,3.6773796298930392,3.6773796298930392
8.0,122.55255265902815,423.83971516763086
0.0,0.04541716327639733,0.04541716327639733
2.0,24.103640067239667,24.103640067239667
8.0,10.402428279123342,404.8976929643743
0.0,0.017247894084903237,0.017247894084903237
1.0,4.8425744621119975,4.8425744621119975
0.0,0.015669763337200493,0.015669763337200493
1.0,9.190702809397635,9.190702809397635
13.0,81.91488568702107,81.91488568702107
0.0,0.15049065316907217,0.15049065316907217
0.0,0.03408626659484071,0.16063766000002033
1.0,6.411817020109993,6.411817020109993
1.0,42.927899296747,46.51254660216341
0.0,0.03759917983779815,0.03759917983779815
2.0,6.918833684715992,6.918833684715992
0.0,0.06869582496665316,0.06869582496665316
2.0,8.75740764592615,8.75740764592615
0.0,0.16006746192147148,0.16006746192147148
2.0,2.9150297899172983,9.410274428917319
0.0,0.10668668715265994,0.10668668715265994
1.0,24.91554143192093,27.685641272601742
7.0,99.74573140832467,362.87990736977054
0.0,0.01859161785955621,0.01859161785955621
1.0,12.720719423603214,26.368149748519727
7.0,207.09713554798645,498.90623591785084
25.0,85.25997050747151,85.25997050747151
0.0,0.024438379484308825,0.024438379484308825
1.0,31.323404980287933,41.2304267290333
0.0,0.08702066191517588,0.08702066191517588
2.0,26.00902494898787,26.00902494898787
0.0,0.03258412116110776,0.03258412116110776
2.0,39.5746079440778,39.5746079440778
16.0,397.0786890971365,397.0786890971365
0.0,0.15770810298477045,0.15770810298477045
1.0,3.4256578292013273,3.4256578292013273
0.0,0.02818998594511868,0.02818998594511868
1.0,23.548210876767598,24.596259262083777
22.0,0.31280342837180797,0.31280342837180797
0.0,0.029533043838227968,0.029533043838227968
1.0,24.368864416137058,25.300653824439678
0.0,0.06833224023307594,0.06833224023307594
2.0,8.450727638653007,8.450727638653007
8.0,156.00993844457525,518.8487568380181
0.0,0.20253126830584733,0.20253126830584733
1.0,0.5365942136647845,13.831098903976226
7.0,2.4710868087017843,318.26117217790306
13.0,77.9826798738311,77.9826798738311
19.0,288.91006580525936,288.91006580525936
0.0,0.12497404674468271,0.12497404674468271
1.0,16.61924578281878,16.61924578281878
16.0,16.211444792051907,31.73635443967578
8.0,31.214793740556843,507.9772318144164
0.0,0.13731828760955977,0.13731828760955977
1.0,9.134027695416307,9.993910161103258
19.0,53.50409269390457,53.50409269390457
0.0,0.3814925483654861,0.3814925483654861
1.0,1.4039552257688683,1.9168211982871526
0.0,0.005227036977657917,0.005227036977657917
1.0,34.520136392249924,34.520136392249924
0.0,0.01474002293389276,0.01474002293389276
1.0,6.227727134398492,8.82144014540063
0.0,0.00508392414667469,0.00508392414667469
2.0,11.383208801420096,11.383208801420096
0.0,0.053529691785115574,0.053529691785115574
1.0,22.90483399811228,23.71700927878942
19.0,104.74904020037707,144.787022132753
0.0,0.06070753377503024,0.06070753377503024
1.0,26.735089351019724,26.735089351019724
0.0,0.10179319610438142,0.10179319610438142
1.0,12.605595838351746,28.27857220504734
0.0,0.03324012115194819,0.03324012115194819
2.0,7.810266378274264,7.810266378274264
0.0,0.07371869517487539,0.07371869517487539
2.0,20.22411742103668,20.22411742103668
0.0,0.06800357728957351,0.06800357728957351
2.0,4.835403888754627,4.835403888754627
25.0,195.04525767677183,195.04525767677183
0.0,0.07598135802868455,0.07598135802868455
1.0,16.64112245350111,17.340061892478843
0.0,0.09981348358564901,0.09981348358564901
1.0,10.2086126714496,15.130962552196706
0.0,0.07012892758143607,0.07012892758143607
1.0,11.159209737485071,11.159209737485071
0.0,0.18643811769675267,0.18643811769675267
1.0,15.652240035114119,18.239320603104034
0.0,0.0031779197454397945,0.0031779197454397945
2.0,15.765371646896028,15.765371646896028
16.0,221.48479454328594,221.48479454328594
0.0,0.08004254643537934,0.08004254643537934
1.0,0.09159789566137988,0.09159789566137988
19.0,383.75658150904314,468.13210296906345
0.0,0.055688589622150175,0.055688589622150175
1.0,18.622198158902847,18.622198158902847
22.0,73.3899270627337,73.3899270627337
28.0,241.1864745618907,241.1864745618907
0.0,0.004571217297097974,0.004571217297097974
1.0,37.47095192311713,37.47095192311713
0.0,0.09174869895014126,0.09174869895014126
1.0,4.805001369361435,4.805001369361435
0.0,0.3367337305342062,0.3367337305342062
0.0,0.16188354158566653,0.32000292104021355
1.0,3.755164643225271,3.755164643225271
1.0,15.497092484337827,19.09037358597743
16.0,185.83649202656898,185.83649202656898
0.0,0.09133200442101952,0.09133200442101952
1.0,0.5896120919360328,0.5896120919360328
0.0,0.02493724117948659,0.02493724117948659
1.0,6.09354018297995,6.09354018297995
0.0,0.05557606001821114,0.05557606001821114
1.0,14.00533799443292,14.00533799443292
0.0,0.03918009818903556,0.03918009818903556
1.0,6.482117215793551,6.482117215793551
0.0,0.2450502866813622,0.2450502866813622
16.0,29.756059401779567,184.39881549091547
1.0,16.45783086647657,16.45783086647657
0.0,0.013458481420911994,0.013458481420911994
1.0,38.13123658774816,38.13123658774816
22.0,1.4154027138256424,1.4154027138256424
0.0,0.2640471078543669,0.2640471078543669
1.0,42.67464974328277,42.67464974328277
0.0,0.13535168583439372,0.13535168583439372
1.0,0.28337115131989776,4.58431919855343
0.0,0.048173429100870635,0.048173429100870635
2.0,27.67195785315539,27.67195785315539
0.0,0.02218791759969463,0.02218791759969463
2.0,10.017344936431073,10.017344936431073
0.0,0.042923011235188824,0.042923011235188824
1.0,40.2450799235387,40.2450799235387
7.0,34.574753009360165,319.67257235147736
13.0,10.863993075949793,10.863993075949793
0.0,0.02213376423333102,0.02213376423333102
0.0,0.03090590424471884,0.03963834861178839
1.0,16.22187556163226,27.929444363044468
2.0,3.0975751577775554,3.0975751577775554
22.0,288.3484446004984,288.3484446004984
25.0,105.20322927714528,105.20322927714528
0.0,0.12748128701650785,0.12748128701650785
2.0,15.666087644085792,15.666087644085792
0.0,0.2490473994491822,0.2490473994491822
2.0,10.850565729856498,10.850565729856498
28.0,57.71809168645041,57.71809168645041
22.0,3.300053419483447,3.300053419483447
0.0,0.28935164346899,0.28935164346899
1.0,5.53947243831567,5.53947243831567
17.0,170.73089339890976,170.73089339890976
0.0,0.03505631571488266,0.03505631571488266
1.0,24.504351298445044,24.504351298445044
0.0,0.08086794277210174,0.08086794277210174
1.0,17.68758914529849,17.68758914529849
22.0,205.90392854627748,205.90392854627748
0.0,0.24874934658782877,0.24874934658782877
1.0,0.4439375709050637,0.4439375709050637
0.0,0.04666515046483255,0.04666515046483255
1.0,13.543145963282086,13.543145963282086
0.0,0.020340719300065757,0.020340719300065757
1.0,4.2267343370201615,4.2267343370201615
13.0,5.072728524506829,5.072728524506829
13.0,12.251097101596088,12.251097101596088
25.0,75.7569796933119,75.7569796933119
17.0,51.02610634663915,51.02610634663915
0.0,0.06329168026559273,0.06329168026559273
1.0,8.604714216987986,8.604714216987986
0.0,0.051365347420414764,0.051365347420414764
1.0,1.5290706581438371,1.5290706581438371
0.0,0.004763443684396407,0.004763443684396407
1.0,6.7607817427665395,6.7607817427665395
22.0,110.88656392332405,110.88656392332405
0.0,0.10588057171730725,0.10588057171730725
1.0,9.788200903712323,9.788200903712323
0.0,0.07520135470463174,0.07520135470463174
0.0,0.03810789609246967,0.05963979181592549
1.0,27.764913653201347,27.764913653201347
1.0,8.031740859571073,8.031740859571073
17.0,93.27083904945675,93.27083904945675
0.0,0.32791430403494815,0.32791430403494815
1.0,1.903568674435519,1.903568674435519
0.0,0.1091644311006803,0.1091644311006803
1.0,8.2050246889537,8.2050246889537
0.0,0.13929902215022594,0.13929902215022594
1.0,33.40775581427374,33.40775581427374
0.0,0.11832275649226176,0.11832275649226176
1.0,11.446357590681373,15.950090301470027
0.0,0.06514695331270559,0.06514695331270559
2.0,31.499111087651045,31.499111087651045
17.0,169.9637978699177,178.53371474179698
13.0,194.2616612198201,194.2616612198201
17.0,25.583536622215206,92.85764032616362
0.0,0.08855401759433335,0.08855401759433335
0.0,0.024783401438298824,0.07814061634599057
1.0,0.7761230058047204,0.7761230058047204
1.0,0.1842453963013213,0.1842453963013213
0.0,0.012442696027619604,0.012442696027619604
1.0,0.7056898198727595,0.7056898198727595
0.0,0.007194860888603216,0.007194860888603216
1.0,1.1428030151132589,1.1428030151132589
13.0,1.3583999259726625,168.15277649777772
0.0,0.018954792120894126,0.018954792120894126
1.0,2.3545596462122376,2.3545596462122376
22.0,79.5897418971731,123.97043592917817
23.0,48.52774494413643,48.52774494413643
0.0,0.021110592424292918,0.021110592424292918
1.0,8.944603746840812,8.944603746840812
0.0,0.007642607527486689,0.007642607527486689
1.0,46.49913102028859,46.49913102028859
25.0,40.15796305918707,40.15796305918707
0.0,0.10297865942743556,0.10297865942743556
1.0,15.131343602362449,15.131343602362449
0.0,0.05045141487653382,0.05045141487653382
1.0,6.752418856982331,6.752418856982331
25.0,227.478474859588,227.478474859588
0.0,0.0254369763044906,0.0254369763044906
1.0,1.584001772315787,1.584001772315787
0.0,0.128849991308698,0.128849991308698
1.0,29.536480542889194,29.536480542889194
0.0,0.12272878030717038,0.12272878030717038
1.0,33.6149365986264,33.6149365986264
0.0,0.04243801629331756,0.04243801629331756
1.0,5.826991169689109,15.387617290710068
0.0,0.187254754483547,0.187254754483547
2.0,17.06386084690871,17.06386084690871
0.0,0.013750146626534843,0.013750146626534843
2.0,0.5708092973209205,0.5708092973209205
0.0,0.06477530626693806,0.06477530626693806
2.0,1.4233000037595502,1.4233000037595502
16.0,41.582515467792746,41.582515467792746
0.0,0.10514939199993023,0.10514939199993023
1.0,0.5530421743715124,0.5530421743715124
0.0,0.3522712508681707,0.3522712508681707
1.0,10.187824634190292,10.187824634190292
0.0,0.0024202405279538652,0.0024202405279538652
1.0,9.136593983240118,14.522814060969495
16.0,68.17462030985666,68.17462030985666
0.0,0.1152796957424016,0.1152796957424016
2.0,27.301115255194873,27.301115255194873
0.0,0.027528263394970054,0.027528263394970054
1.0,51.0620254317505,51.0620254317505
0.0,0.3423071523279759,0.3423071523279759
1.0,40.12051946481711,40.12051946481711
0.0,0.06351200309154592,0.06351200309154592
0.0,0.09813363393004693,0.1053242545779085
1.0,0.8060443687215866,0.8060443687215866
1.0,8.894791542126768,9.602702276918308
0.0,0.0750136759736506,0.0750136759736506
1.0,0.9432385087359307,8.63038724510966
0.0,0.11563971773102821,0.11563971773102821
1.0,62.15525437515339,62.15525437515339
0.0,0.15789494041678154,0.15789494041678154
1.0,10.508579675566352,37.56738249900263
0.0,0.012187256547576908,0.012187256547576908
2.0,8.765590302721876,8.765590302721876
0.0,0.00259482599221883,0.00259482599221883
2.0,10.38833241506245,10.38833241506245
0.0,0.025384519796489258,0.025384519796489258
2.0,13.754273874600585,13.754273874600585
0.0,0.1526485998770113,0.1526485998770113
2.0,14.438565268190132,14.438565268190132
0.0,0.008872818708596242,0.008872818708596242
2.0,22.51582312233677,24.835754393376646
0.0,0.14270883257563582,0.14270883257563582
3.0,12.073025947030828,12.073025947030828
0.0,0.047532962155173664,0.047532962155173664
2.0,15.698838255118972,22.00704690953512
0.0,0.11041746793216589,0.11041746793216589
3.0,33.235403185012274,33.235403185012274
0.0,0.04645817720393097,0.04645817720393097
1.0,43.830616915929795,46.762066127390426
0.0,0.0564140553838115,0.0564140553838115
2.0,43.14740317029759,45.38951487104623
0.0,0.110893360381624,0.110893360381624
3.0,5.341095227113328,5.341095227113328
10.0,16.756996665836596,16.756996665836596
0.0,0.12002573169002062,0.12002573169002062
1.0,23.015030379727477,28.72029327931432
0.0,0.05286622322205403,0.05286622322205403
2.0,6.389054094354151,13.427913608514928
0.0,0.11273420104726029,0.11273420104726029
3.0,15.074653199886598,15.074653199886598
0.0,0.07710760185614163,0.07710760185614163
1.0,29.311790355793846,45.43877676109378
0.0,0.051664810694319385,0.051664810694319385
2.0,8.729509171298332,8.729509171298332
10.0,84.77465596633442,84.77465596633442
0.0,0.2817976788444412,0.2817976788444412
2.0,4.025883545044053,4.025883545044053
10.0,45.749174423053546,45.749174423053546
0.0,0.08129929617507514,0.08129929617507514
1.0,12.13358205729105,12.13358205729105
0.0,0.0401051083404127,0.0401051083404127
1.0,0.6888587952155376,9.185466562606734
0.0,0.004041868177409924,0.004041868177409924
2.0,3.785848136046525,3.785848136046525
0.0,0.021664371182623654,0.021664371182623654
2.0,36.73115376597525,36.73115376597525
0.0,0.6555732672688919,0.6555732672688919
2.0,54.330346909885975,54.330346909885975
0.0,0.18604012817036164,0.18604012817036164
1.0,36.92586525479078,36.92586525479078
17.0,23.76528941633387,23.76528941633387
0.0,0.20861689738035238,0.20861689738035238
1.0,22.995544630693985,22.995544630693985
0.0,0.009219583751018945,0.009219583751018945
1.0,31.995122243935384,31.995122243935384
31.0,48.2126602286919,48.2126602286919
0.0,0.18150622483540246,0.18150622483540246
1.0,11.008815337376745,23.800842839333427
28.0,26.335817618542478,26.335817618542478
0.0,0.03346692769036963,0.03346692769036963
2.0,9.523468462936307,9.523468462936307
0.0,0.0806728961420049,0.0806728961420049
1.0,21.799781583609047,21.799781583609047
0.0,0.2738620141501542,0.2738620141501542
1.0,1.5159849919102726,6.897743003045889
0.0,0.05249649927668543,0.05249649927668543
0.0,0.1603294008782541,0.1603294008782541
1.0,19.539162523593177,20.882198017116707
0.0,0.2232476105348269,0.2232476105348269
0.0,0.37658871319649734,0.4209127976137097
1.0,1.3976322581588647,5.772991649731011
0.0,0.161020394940806,0.161020394940806
2.0,14.562262466671655,14.562262466671655
