0,1,2,3,4,5
0.908133506556633,0.908133506556633,0.908133506556633,0.0,1.0,0.0
0.908133506556633,0.908133506556633,52.192342095844275,0.0,1.0,1.0
2.344846723454439,2.344846723454439,18.94781671348428,0.0,2.0,1.0
2.344846723454439,2.344846723454439,2.344846723454439,0.0,1.0,0.0
2.7307161964232693,2.7307161964232693,53.65687697776513,0.0,3.0,1.0
2.7307161964232693,2.7307161964232693,2.7307161964232693,0.0,1.0,0.0
3.0200989937273226,18.94781671348428,33.14325208499497,1.0,4.0,1.0
3.0200989937273226,3.0200989937273226,3.0200989937273226,0.0,1.0,0.0
3.560200726124787,3.560200726124787,7.5514844318997145,0.0,1.0,2.0
3.560200726124787,3.560200726124787,3.560200726124787,0.0,1.0,0.0
7.5514844318997145,7.5514844318997145,343.9130608248768,0.0,1.0,7.0
14.572029209718963,14.572029209718963,14.572029209718963,0.0,1.0,0.0
14.572029209718963,14.572029209718963,17.071610338284263,0.0,1.0,2.0
15.206720706321832,15.206720706321832,35.970309546855745,0.0,2.0,2.0
15.206720706321832,15.206720706321832,15.206720706321832,0.0,1.0,0.0
15.775849122466314,15.775849122466314,19.59550314821959,0.0,3.0,2.0
15.775849122466314,15.775849122466314,15.775849122466314,0.0,1.0,0.0
16.272218540196462,16.272218540196462,16.272218540196462,0.0,1.0,0.0
16.272218540196462,17.071610338284263,21.475084177095972,1.0,4.0,2.0
17.071610338284263,17.071610338284263,216.00725870952593,0.0,2.0,7.0
17.091602861731005,19.59550314821959,31.29604764000741,1.0,4.0,2.0
17.091602861731005,17.091602861731005,17.091602861731005,0.0,1.0,0.0
18.94781671348428,18.94781671348428,456.94771279427624,0.0,1.0,4.0
19.59550314821959,19.59550314821959,103.89259831966802,0.0,3.0,7.0
20.658550982698348,33.14325208499497,34.24913719566438,1.0,4.0,1.0
20.658550982698348,20.658550982698348,20.658550982698348,0.0,1.0,0.0
21.475084177095972,103.89259831966802,289.3870327679835,1.0,4.0,7.0
24.931462224860365,24.931462224860365,27.28132135555155,0.0,3.0,2.0
24.931462224860365,24.931462224860365,24.931462224860365,0.0,1.0,0.0
27.28132135555155,27.28132135555155,45.95027277217412,0.0,1.0,8.0
27.478539135340725,27.478539135340725,27.478539135340725,0.0,1.0,0.0
27.478539135340725,27.478539135340725,34.462643067232165,0.0,3.0,2.0
31.29604764000741,31.29604764000741,287.03857841276294,0.0,2.0,8.0
33.14325208499497,33.14325208499497,208.1846283142285,0.0,2.0,4.0
34.24913719566438,34.24913719566438,263.84256480041006,0.0,3.0,4.0
34.462643067232165,34.462643067232165,42.150038011557626,0.0,3.0,8.0
35.970309546855745,42.150038011557626,377.05053095084986,1.0,4.0,8.0
37.06528764212135,37.06528764212135,41.91146741369266,0.0,3.0,1.0
37.06528764212135,37.06528764212135,37.06528764212135,0.0,1.0,0.0
38.32260414327581,38.32260414327581,38.32260414327581,0.0,1.0,0.0
38.32260414327581,41.91146741369266,44.0118545048847,1.0,4.0,1.0
38.964688906875736,38.964688906875736,39.77941255075231,0.0,1.0,2.0
38.964688906875736,38.964688906875736,38.964688906875736,0.0,1.0,0.0
39.33082056613962,39.33082056613962,49.930124122054714,0.0,2.0,2.0
39.33082056613962,39.33082056613962,39.33082056613962,0.0,1.0,0.0
39.77941255075231,39.77941255075231,99.29025488442088,0.0,1.0,9.0
41.508147992540934,41.508147992540934,41.508147992540934,0.0,1.0,0.0
41.508147992540934,41.508147992540934,43.46543784755733,0.0,2.0,2.0
41.91146741369266,208.1846283142285,1133.0596489917216,1.0,4.0,4.0
42.150038011557626,42.150038011557626,131.77329936134112,0.0,1.0,25.0
42.663541730184264,44.0118545048847,45.5817268402461,1.0,4.0,1.0
42.663541730184264,42.663541730184264,42.663541730184264,0.0,1.0,0.0
43.12804818751418,43.12804818751418,61.90717139359097,0.0,3.0,2.0
43.12804818751418,43.12804818751418,43.12804818751418,0.0,1.0,0.0
43.46543784755733,45.95027277217412,460.9120867816777,1.0,4.0,8.0
44.0118545048847,44.0118545048847,484.1686884133927,0.0,1.0,5.0
45.5817268402461,45.5817268402461,200.86791105379967,0.0,2.0,5.0
45.95027277217412,45.95027277217412,195.1932546180382,0.0,2.0,25.0
49.15148782219224,49.15148782219224,49.15148782219224,0.0,1.0,0.0
49.15148782219224,49.15148782219224,51.42425918468601,0.0,3.0,1.0
49.930124122054714,287.03857841276294,988.5709980279757,1.0,4.0,8.0
50.54852469065359,51.42425918468601,65.68960898289998,1.0,4.0,1.0
50.54852469065359,50.54852469065359,50.54852469065359,0.0,1.0,0.0
51.42425918468601,51.42425918468601,545.0980372936828,0.0,3.0,5.0
52.192342095844275,200.86791105379967,1015.6171527767176,1.0,4.0,5.0
53.314486308811624,53.314486308811624,53.314486308811624,0.0,1.0,0.0
53.314486308811624,53.314486308811624,60.78289685650664,0.0,3.0,1.0
53.65687697776513,53.65687697776513,267.1249807890351,0.0,1.0,6.0
53.881439498634194,53.881439498634194,63.088532596703246,0.0,3.0,1.0
53.881439498634194,53.881439498634194,53.881439498634194,0.0,1.0,0.0
60.78289685650664,60.78289685650664,119.62974072387796,0.0,2.0,6.0
61.130996688017575,61.130996688017575,61.130996688017575,0.0,1.0,0.0
61.130996688017575,61.130996688017575,91.62156215595658,0.0,3.0,1.0
61.90717139359097,61.90717139359097,384.8369610642143,0.0,2.0,9.0
63.088532596703246,63.088532596703246,269.19841515441095,0.0,3.0,6.0
65.6725803954192,65.6725803954192,65.6725803954192,0.0,1.0,0.0
65.6725803954192,65.6725803954192,103.36130408803535,0.0,3.0,1.0
65.68960898289998,119.62974072387796,130.16567530943996,1.0,4.0,6.0
66.54936319250949,66.54936319250949,66.54936319250949,0.0,1.0,0.0
66.54936319250949,66.54936319250949,73.2490477217515,0.0,3.0,1.0
66.734623867538,66.734623867538,66.734623867538,0.0,1.0,0.0
66.734623867538,73.2490477217515,77.60403455017277,1.0,4.0,1.0
73.06897423043823,73.06897423043823,75.7772967456473,0.0,1.0,2.0
73.06897423043823,73.06897423043823,73.06897423043823,0.0,1.0,0.0
73.2490477217515,263.84256480041006,308.3550309773957,2.0,5.0,4.0
75.7772967456473,75.7772967456473,311.73573129146257,0.0,3.0,9.0
76.65554213469787,76.65554213469787,76.65554213469787,0.0,1.0,0.0
76.65554213469787,77.60403455017277,82.55991273021921,1.0,4.0,1.0
77.60403455017277,484.1686884133927,729.3110103424499,2.0,5.0,5.0
82.55991273021921,130.16567530943996,280.2940598415554,2.0,5.0,6.0
91.58076305529916,91.58076305529916,96.36513385674424,0.0,3.0,1.0
91.58076305529916,91.58076305529916,91.58076305529916,0.0,1.0,0.0
91.62156215595658,308.3550309773957,319.6742544496599,3.0,6.0,4.0
95.2268668297093,95.2268668297093,95.2268668297093,0.0,1.0,0.0
95.2268668297093,95.2268668297093,105.30885675460966,0.0,3.0,1.0
95.67328758887744,96.36513385674424,102.18848960517745,1.0,4.0,1.0
95.67328758887744,95.67328758887744,95.67328758887744,0.0,1.0,0.0
96.36513385674424,545.0980372936828,669.4680730619746,3.0,6.0,5.0
99.29025488442088,99.29025488442088,313.2153266013167,0.0,1.0,28.0
102.18848960517745,267.1249807890351,476.3922442669799,3.0,6.0,6.0
102.41443917105056,102.41443917105056,102.85732500318528,0.0,3.0,1.0
102.41443917105056,102.41443917105056,102.41443917105056,0.0,1.0,0.0
102.85732500318528,319.6742544496599,438.7752147876565,4.0,7.0,4.0
103.36130408803535,669.4680730619746,848.0640423104221,4.0,7.0,5.0
103.89259831966802,103.89259831966802,470.0128068518613,0.0,1.0,22.0
105.30885675460966,269.19841515441095,617.087227415772,4.0,7.0,6.0
108.5581205690701,108.5581205690701,108.5581205690701,0.0,1.0,0.0
108.5581205690701,108.5581205690701,111.02206108075045,0.0,1.0,1.0
111.02206108075045,438.7752147876565,491.6223489509782,5.0,8.0,4.0
113.30989422146853,113.30989422146853,120.14947699018902,0.0,1.0,1.0
113.30989422146853,113.30989422146853,113.30989422146853,0.0,1.0,0.0
114.76794700808463,114.76794700808463,137.6427978631938,0.0,2.0,1.0
114.76794700808463,114.76794700808463,114.76794700808463,0.0,1.0,0.0
119.62974072387796,119.62974072387796,131.39099747557972,0.0,1.0,19.0
120.14947699018902,280.2940598415554,320.8420959085881,4.0,7.0,6.0
120.62578042708395,120.62578042708395,120.62578042708395,0.0,1.0,0.0
120.62578042708395,120.62578042708395,130.48712149848893,0.0,2.0,1.0
124.83019106835039,124.83019106835039,124.83019106835039,0.0,1.0,0.0
124.83019106835039,124.83019106835039,159.36428239882014,0.0,3.0,1.0
130.16567530943996,130.16567530943996,133.09805838359014,0.0,2.0,19.0
130.48712149848893,320.8420959085881,624.5199373844794,4.0,7.0,6.0
137.6427978631938,729.3110103424499,756.1775179527955,5.0,8.0,5.0
140.0547770519366,140.0547770519366,140.0547770519366,0.0,1.0,0.0
140.0547770519366,140.0547770519366,151.28345230991152,0.0,2.0,1.0
142.49167033050156,142.49167033050156,151.0929139849891,0.0,3.0,1.0
142.49167033050156,142.49167033050156,142.49167033050156,0.0,1.0,0.0
143.0468522652184,143.0468522652184,143.0468522652184,0.0,1.0,0.0
143.0468522652184,151.0929139849891,187.87625146573686,1.0,4.0,1.0
143.18997768616052,143.18997768616052,167.09187800445272,0.0,1.0,2.0
143.18997768616052,143.18997768616052,143.18997768616052,0.0,1.0,0.0
145.1265699585754,145.1265699585754,150.7414367031553,0.0,2.0,2.0
145.1265699585754,145.1265699585754,145.1265699585754,0.0,1.0,0.0
147.09305670911888,147.09305670911888,147.09305670911888,0.0,1.0,0.0
147.09305670911888,147.09305670911888,147.56149707883543,0.0,3.0,2.0
147.56149707883543,216.00725870952593,390.92958014363,1.0,4.0,7.0
148.90471897337815,148.90471897337815,187.14862158522754,0.0,3.0,2.0
148.90471897337815,148.90471897337815,148.90471897337815,0.0,1.0,0.0
150.7414367031553,150.7414367031553,453.97545742188026,0.0,3.0,9.0
151.0929139849891,476.3922442669799,687.178577182701,5.0,8.0,6.0
151.28345230991152,456.94771279427624,618.8769533395283,6.0,9.0,4.0
157.65506076393098,157.65506076393098,157.65506076393098,0.0,1.0,0.0
157.65506076393098,157.65506076393098,177.152685659945,0.0,3.0,1.0
159.22370324230386,159.22370324230386,159.22370324230386,0.0,1.0,0.0
159.22370324230386,159.36428239882014,168.82280628269854,1.0,4.0,1.0
159.36428239882014,756.1775179527955,990.4809153469807,6.0,9.0,5.0
163.48586110381726,168.82280628269854,169.14725512267867,1.0,4.0,1.0
163.48586110381726,163.48586110381726,163.48586110381726,0.0,1.0,0.0
166.93884721281339,166.93884721281339,169.00977502255395,0.0,3.0,2.0
166.93884721281339,166.93884721281339,166.93884721281339,0.0,1.0,0.0
166.99998614213794,167.09187800445272,204.87682762736475,1.0,4.0,2.0
166.99998614213794,166.99998614213794,166.99998614213794,0.0,1.0,0.0
167.09187800445272,311.73573129146257,319.2513611909899,1.0,4.0,9.0
168.56139900312132,169.00977502255395,169.93542027956266,1.0,4.0,2.0
168.56139900312132,168.56139900312132,168.56139900312132,0.0,1.0,0.0
168.82280628269854,617.087227415772,621.7384828441157,6.0,9.0,6.0
169.00977502255395,289.3870327679835,339.12048613625814,2.0,5.0,7.0
169.14481946091456,169.14481946091456,169.14481946091456,0.0,1.0,0.0
169.14481946091456,169.14725512267867,232.0702790379632,1.0,4.0,1.0
169.14725512267867,491.6223489509782,638.9431289157245,7.0,10.0,4.0
169.93542027956266,377.05053095084986,887.6452095961628,2.0,5.0,8.0
175.19855417585632,175.19855417585632,175.19855417585632,0.0,1.0,0.0
175.19855417585632,177.152685659945,182.42470294929763,1.0,4.0,1.0
175.51529402700837,175.51529402700837,182.79115773003784,0.0,3.0,2.0
175.51529402700837,175.51529402700837,175.51529402700837,0.0,1.0,0.0
177.152685659945,848.0640423104221,848.4636489024888,7.0,10.0,5.0
182.42470294929763,621.7384828441157,774.8905833448516,7.0,10.0,6.0
182.79115773003784,319.2513611909899,486.64003205641154,2.0,5.0,9.0
185.93599553770343,185.93599553770343,187.02489860241488,0.0,3.0,1.0
185.93599553770343,185.93599553770343,185.93599553770343,0.0,1.0,0.0
187.02489860241488,618.8769533395283,644.6262783135056,8.0,11.0,4.0
187.14862158522754,339.12048613625814,580.5044217034318,3.0,6.0,7.0
187.87625146573686,848.4636489024888,935.8302623887828,8.0,11.0,5.0
193.43443002041656,193.43443002041656,193.43443002041656,0.0,1.0,0.0
193.43443002041656,193.43443002041656,212.58712056105864,0.0,2.0,1.0
195.06521322119343,195.06521322119343,195.06521322119343,0.0,1.0,0.0
195.06521322119343,195.06521322119343,209.2764685380823,0.0,3.0,1.0
195.6722110240225,195.6722110240225,195.6722110240225,0.0,1.0,0.0
195.6722110240225,209.2764685380823,212.5309541602126,1.0,4.0,1.0
200.86791105379967,200.86791105379967,376.37962913893523,0.0,1.0,16.0
201.4567318004432,201.4567318004432,225.2329906369804,0.0,2.0,2.0
201.4567318004432,201.4567318004432,201.4567318004432,0.0,1.0,0.0
204.87682762736475,460.9120867816777,550.9411967371101,3.0,6.0,8.0
207.7304982387482,207.7304982387482,246.4657090462556,0.0,2.0,2.0
207.7304982387482,207.7304982387482,207.7304982387482,0.0,1.0,0.0
208.1846283142285,208.1846283142285,252.16174138094289,0.0,1.0,13.0
209.2764685380823,638.9431289157245,1214.817829251413,8.0,11.0,4.0
211.0705001921534,212.5309541602126,255.9133748582872,1.0,4.0,1.0
211.0705001921534,211.0705001921534,211.0705001921534,0.0,1.0,0.0
211.193423874603,211.193423874603,213.31675101705392,0.0,3.0,2.0
211.193423874603,211.193423874603,211.193423874603,0.0,1.0,0.0
212.5309541602126,935.8302623887828,1026.2489659773355,8.0,11.0,5.0
212.58712056105864,624.5199373844794,696.9897549131183,8.0,11.0,6.0
213.31675101705392,384.8369610642143,504.352678572882,3.0,6.0,9.0
215.21988450357873,215.21988450357873,228.559882081257,0.0,3.0,1.0
215.21988450357873,215.21988450357873,215.21988450357873,0.0,1.0,0.0
216.00725870952593,216.00725870952593,567.8473518922577,0.0,2.0,22.0
217.4486242956276,228.559882081257,235.71468649157958,1.0,4.0,1.0
217.4486242956276,217.4486242956276,217.4486242956276,0.0,1.0,0.0
224.94660381290427,224.94660381290427,263.9582294383936,0.0,3.0,2.0
224.94660381290427,224.94660381290427,224.94660381290427,0.0,1.0,0.0
225.2329906369804,343.9130608248768,539.9018273000064,3.0,6.0,7.0
228.559882081257,644.6262783135056,1089.606525419485,9.0,12.0,4.0
231.10640686959945,231.10640686959945,231.10640686959945,0.0,1.0,0.0
231.10640686959945,232.0702790379632,253.865961921715,1.0,4.0,1.0
232.0702790379632,990.4809153469807,1203.9666335469644,9.0,12.0,5.0
234.63262518975674,234.63262518975674,234.63262518975674,0.0,1.0,0.0
234.63262518975674,235.71468649157958,236.06795533620127,1.0,4.0,1.0
235.71468649157958,687.178577182701,723.0448511401651,9.0,12.0,6.0
236.06795533620127,1089.606525419485,1404.0206227979284,10.0,13.0,4.0
241.11992498246966,241.11992498246966,241.11992498246966,0.0,1.0,0.0
241.11992498246966,241.11992498246966,296.1137236549067,0.0,3.0,1.0
245.65636266379363,245.65636266379363,245.65636266379363,0.0,1.0,0.0
245.65636266379363,253.865961921715,266.31970635538954,1.0,4.0,1.0
246.4657090462556,390.92958014363,509.72784392803743,4.0,7.0,7.0
249.20565170117553,249.20565170117553,249.20565170117553,0.0,1.0,0.0
249.20565170117553,249.20565170117553,255.82862371909374,0.0,2.0,2.0
249.30523190960432,249.30523190960432,249.30523190960432,0.0,1.0,0.0
249.30523190960432,249.30523190960432,326.36475334447664,0.0,3.0,2.0
253.865961921715,1015.6171527767176,1700.3553366952438,10.0,13.0,5.0
254.63800583147682,254.63800583147682,254.63800583147682,0.0,1.0,0.0
254.63800583147682,255.9133748582872,256.2872455197419,1.0,4.0,1.0
255.82862371909374,550.9411967371101,785.1808266144309,4.0,7.0,8.0
255.9133748582872,696.9897549131183,1326.1857313078515,10.0,13.0,6.0
256.2872455197419,1133.0596489917216,1185.047157497171,11.0,14.0,4.0
263.84256480041006,263.84256480041006,422.0856739952857,0.0,1.0,13.0
263.9582294383936,453.97545742188026,664.0101363650351,4.0,7.0,9.0
266.31970635538954,1185.047157497171,1428.5472553346192,11.0,14.0,4.0
267.1249807890351,267.1249807890351,454.7387367185024,0.0,1.0,19.0
269.19841515441095,269.19841515441095,486.57900808038187,0.0,2.0,19.0
270.55920493887095,270.55920493887095,270.55920493887095,0.0,1.0,0.0
270.55920493887095,270.55920493887095,272.3981208606981,0.0,2.0,1.0
272.3981208606981,723.0448511401651,729.7131103675129,9.0,12.0,6.0
275.0106656352277,275.0106656352277,276.4025507072491,0.0,2.0,1.0
275.0106656352277,275.0106656352277,275.0106656352277,0.0,1.0,0.0
276.40160407772186,276.40160407772186,291.9950084009433,0.0,3.0,1.0
276.40160407772186,276.40160407772186,276.40160407772186,0.0,1.0,0.0
276.4025507072491,729.7131103675129,1202.0000590605214,10.0,13.0,6.0
278.06391271407455,278.06391271407455,303.20326131500667,0.0,3.0,1.0
278.06391271407455,278.06391271407455,278.06391271407455,0.0,1.0,0.0
278.85389832000084,278.85389832000084,278.85389832000084,0.0,1.0,0.0
278.85389832000084,291.9950084009433,294.11905583704873,1.0,4.0,1.0
280.2940598415554,280.2940598415554,344.66248899319083,0.0,3.0,19.0
281.0272188745725,281.0272188745725,281.0272188745725,0.0,1.0,0.0
281.0272188745725,281.0272188745725,346.3566659655992,0.0,2.0,2.0
285.4844528905126,285.4844528905126,294.19770504542157,0.0,3.0,2.0
285.4844528905126,285.4844528905126,285.4844528905126,0.0,1.0,0.0
287.03857841276294,287.03857841276294,437.9120214020933,0.0,1.0,25.0
287.26757059436414,294.19770504542157,303.0146624580021,1.0,4.0,2.0
287.26757059436414,287.26757059436414,287.26757059436414,0.0,1.0,0.0
289.3870327679835,289.3870327679835,334.0409931186148,0.0,3.0,22.0
291.19385243196365,291.19385243196365,322.0501642463885,0.0,1.0,3.0
291.19385243196365,291.19385243196365,291.19385243196365,0.0,1.0,0.0
291.9950084009433,774.8905833448516,1148.8818898562595,10.0,13.0,6.0
294.11905583704873,1026.2489659773355,1529.8041702825199,11.0,14.0,5.0
294.19770504542157,509.72784392803743,523.7651711359704,4.0,7.0,7.0
296.1137236549067,1148.8818898562595,1207.5199813354068,11.0,14.0,6.0
298.00289709102776,298.00289709102776,406.4685802368365,0.0,2.0,1.0
298.00289709102776,298.00289709102776,298.00289709102776,0.0,1.0,0.0
299.562978932599,299.562978932599,317.7562561295011,0.0,3.0,1.0
299.562978932599,299.562978932599,299.562978932599,0.0,1.0,0.0
303.0146624580021,785.1808266144309,797.543247628472,4.0,7.0,8.0
303.20326131500667,1214.817829251413,1328.5940889489527,12.0,15.0,4.0
308.3550309773957,308.3550309773957,436.99259225304485,0.0,2.0,13.0
309.1082851678462,309.1082851678462,309.1082851678462,0.0,1.0,0.0
309.1082851678462,309.1082851678462,315.3844102416282,0.0,3.0,1.0
311.73573129146257,311.73573129146257,464.30272978525704,0.0,2.0,28.0
314.6791731483538,315.3844102416282,355.57225551329344,1.0,4.0,1.0
314.6791731483538,314.6791731483538,314.6791731483538,0.0,1.0,0.0
314.8376914224459,314.8376914224459,314.8376914224459,0.0,1.0,0.0
314.8376914224459,314.8376914224459,324.20566768758954,0.0,3.0,2.0
314.9835304319528,324.20566768758954,349.3286127790782,1.0,4.0,2.0
314.9835304319528,314.9835304319528,314.9835304319528,0.0,1.0,0.0
315.3844102416282,1328.5940889489527,1893.625108673451,12.0,15.0,4.0
316.01830242000193,317.7562561295011,321.64628686913727,1.0,4.0,1.0
316.01830242000193,316.01830242000193,316.01830242000193,0.0,1.0,0.0
317.1241174893842,317.1241174893842,317.1241174893842,0.0,1.0,0.0
317.1241174893842,317.1241174893842,320.4402900973158,0.0,2.0,3.0
317.7562561295011,1203.9666335469644,1567.7483788055401,12.0,15.0,5.0
319.2513611909899,319.2513611909899,602.988128990524,0.0,2.0,28.0
319.2911391706433,319.2911391706433,319.2911391706433,0.0,1.0,0.0
319.2911391706433,321.64628686913727,362.51675770898316,1.0,4.0,1.0
319.6742544496599,319.6742544496599,410.82432527315257,0.0,3.0,13.0
320.4402900973158,320.4402900973158,573.2485752691807,0.0,1.0,10.0
320.8420959085881,344.66248899319083,794.581109504295,1.0,4.0,19.0
321.1795315166064,321.1795315166064,336.8057024171058,0.0,2.0,3.0
321.1795315166064,321.1795315166064,321.1795315166064,0.0,1.0,0.0
321.64628686913727,1202.0000590605214,1220.955910352637,11.0,14.0,6.0
322.0501642463885,322.0501642463885,393.5814778546084,0.0,2.0,10.0
322.7283705545632,355.57225551329344,359.23388132004595,1.0,4.0,1.0
322.7283705545632,322.7283705545632,322.7283705545632,0.0,1.0,0.0
324.20566768758954,486.64003205641154,727.9384796330962,3.0,6.0,9.0
325.0655063153698,325.0655063153698,325.0655063153698,0.0,1.0,0.0
325.0655063153698,326.36475334447664,343.3464781489511,1.0,4.0,2.0
326.36475334447664,504.352678572882,590.4298149611097,4.0,7.0,9.0
326.9436537551328,343.3464781489511,351.1909587898163,1.0,4.0,2.0
326.9436537551328,326.9436537551328,326.9436537551328,0.0,1.0,0.0
332.96711796162435,332.96711796162435,358.38469790081564,0.0,2.0,3.0
332.96711796162435,332.96711796162435,332.96711796162435,0.0,1.0,0.0
334.83153877155456,334.83153877155456,334.83153877155456,0.0,1.0,0.0
334.83153877155456,334.83153877155456,344.1976745908988,0.0,3.0,3.0
336.8057024171058,336.8057024171058,576.1861832232607,0.0,3.0,10.0
339.12048613625814,339.12048613625814,815.6688709504574,0.0,3.0,22.0
343.3464781489511,523.7651711359704,534.4999917741382,4.0,7.0,7.0
343.9130608248768,470.0128068518613,766.4604233870386,1.0,4.0,22.0
344.1976745908988,393.5814778546084,469.1348819109614,1.0,4.0,10.0
346.3566659655992,534.4999917741382,650.1161818689528,4.0,7.0,7.0
349.3286127790782,539.9018273000064,580.5241795185797,5.0,8.0,7.0
350.5238006810388,350.5238006810388,350.5238006810388,0.0,1.0,0.0
350.5238006810388,350.5238006810388,350.60809845692444,0.0,2.0,2.0
350.60809845692444,797.543247628472,925.239933394717,5.0,8.0,8.0
351.1909587898163,590.4298149611097,1035.5630129085025,5.0,8.0,9.0
352.6677790348538,352.6677790348538,352.6677790348538,0.0,1.0,0.0
352.6677790348538,352.6677790348538,352.9252352960489,0.0,1.0,2.0
352.9252352960489,580.5044217034318,665.9392062633261,6.0,9.0,7.0
355.57225551329344,1404.0206227979284,1593.331194838841,12.0,15.0,4.0
358.38469790081564,358.38469790081564,495.1001707152746,0.0,1.0,11.0
359.23388132004595,1207.5199813354068,1214.4518353370593,12.0,15.0,6.0
362.51675770898316,1428.5472553346192,1736.8498389716688,13.0,16.0,4.0
363.6770388064361,363.6770388064361,363.6770388064361,0.0,1.0,0.0
363.6770388064361,363.6770388064361,413.7417122462522,0.0,2.0,1.0
365.34810290436684,365.34810290436684,365.34810290436684,0.0,1.0,0.0
365.34810290436684,365.34810290436684,368.53566271263446,0.0,3.0,1.0
368.53566271263446,1529.8041702825199,1704.680241746163,13.0,16.0,5.0
372.8092278321879,372.8092278321879,372.8092278321879,0.0,1.0,0.0
372.8092278321879,372.8092278321879,383.30131007619445,0.0,3.0,1.0
377.05053095084986,377.05053095084986,597.0501158593972,0.0,2.0,25.0
382.2785356314721,383.30131007619445,391.6187023461084,1.0,4.0,1.0
382.2785356314721,382.2785356314721,382.2785356314721,0.0,1.0,0.0
383.2309195446588,383.2309195446588,383.2309195446588,0.0,1.0,0.0
383.2309195446588,383.2309195446588,386.7683570246919,0.0,1.0,2.0
383.30131007619445,1214.4518353370593,1286.2215205283308,13.0,16.0,6.0
384.8369610642143,384.8369610642143,633.2309095583859,0.0,3.0,28.0
385.6767336270229,385.6767336270229,385.6767336270229,0.0,1.0,0.0
385.6767336270229,391.6187023461084,414.0461200328728,1.0,4.0,1.0
386.7683570246919,887.6452095961628,1392.4138634316128,5.0,8.0,8.0
390.92958014363,390.92958014363,504.386605873942,0.0,1.0,23.0
391.15218265832794,391.15218265832794,391.15218265832794,0.0,1.0,0.0
391.15218265832794,391.15218265832794,392.0924233789541,0.0,1.0,2.0
391.20975796385005,391.20975796385005,416.7903325925559,0.0,2.0,2.0
391.20975796385005,391.20975796385005,391.20975796385005,0.0,1.0,0.0
391.6187023461084,1593.331194838841,1877.2057802123345,14.0,17.0,4.0
392.0924233789541,664.0101363650351,988.3859164718333,5.0,8.0,9.0
393.11445932038345,393.11445932038345,393.11445932038345,0.0,1.0,0.0
393.11445932038345,406.4685802368365,410.68743891110614,1.0,4.0,1.0
393.5814778546084,393.5814778546084,395.1738491945527,0.0,1.0,31.0
395.0995448493852,395.0995448493852,395.0995448493852,0.0,1.0,0.0
395.0995448493852,395.0995448493852,402.6298303502178,0.0,2.0,2.0
397.1598303952691,397.1598303952691,397.1598303952691,0.0,1.0,0.0
397.1598303952691,397.1598303952691,401.241937079828,0.0,3.0,2.0
400.88127757373854,400.88127757373854,400.88127757373854,0.0,1.0,0.0
400.88127757373854,401.241937079828,421.7823882085978,1.0,4.0,2.0
401.241937079828,580.5241795185797,717.1207840933339,6.0,9.0,7.0
401.27660384423143,401.27660384423143,401.27660384423143,0.0,1.0,0.0
401.27660384423143,402.6298303502178,411.1410085236407,1.0,4.0,2.0
402.6298303502178,925.239933394717,1123.7204625955683,6.0,9.0,8.0
406.4685802368365,1567.7483788055401,1720.3970118887796,14.0,17.0,5.0
406.86696112290264,410.68743891110614,415.5448498667083,1.0,4.0,1.0
406.86696112290264,406.86696112290264,406.86696112290264,0.0,1.0,0.0
409.5613475696066,409.5613475696066,409.5613475696066,0.0,1.0,0.0
409.5613475696066,411.1410085236407,446.663982831549,1.0,4.0,2.0
410.68743891110614,1220.955910352637,1265.3120661499,14.0,17.0,6.0
411.1410085236407,727.9384796330962,730.866715313682,6.0,9.0,9.0
413.7417122462522,1736.8498389716688,1794.5479298367297,15.0,18.0,4.0
414.0461200328728,1700.3553366952438,1881.0655332012423,15.0,18.0,5.0
415.2663248141533,415.2663248141533,418.8325045248435,0.0,2.0,1.0
415.2663248141533,415.2663248141533,415.2663248141533,0.0,1.0,0.0
415.5448498667083,1265.3120661499,1341.5960183056468,15.0,18.0,6.0
416.7903325925559,650.1161818689528,701.1233230188737,7.0,10.0,7.0
421.35085052773104,421.35085052773104,460.85635764101903,0.0,1.0,1.0
421.35085052773104,421.35085052773104,421.35085052773104,0.0,1.0,0.0
421.7823882085978,988.5709980279757,1507.4107963779898,7.0,10.0,8.0
423.08346150009083,423.08346150009083,427.84143861958273,0.0,2.0,1.0
423.08346150009083,423.08346150009083,423.08346150009083,0.0,1.0,0.0
423.4067042140141,423.4067042140141,423.4067042140141,0.0,1.0,0.0
423.4067042140141,423.4067042140141,427.63710108154265,0.0,3.0,1.0
424.4291406328163,427.63710108154265,431.50680763837823,1.0,4.0,1.0
424.4291406328163,424.4291406328163,424.4291406328163,0.0,1.0,0.0
425.11886341711516,425.11886341711516,446.68339299608175,0.0,2.0,2.0
425.11886341711516,425.11886341711516,425.11886341711516,0.0,1.0,0.0
427.5530044403615,427.5530044403615,430.90786229855877,0.0,3.0,2.0
427.5530044403615,427.5530044403615,427.5530044403615,0.0,1.0,0.0
427.63710108154265,1704.680241746163,1754.8229729776624,16.0,19.0,5.0
427.84143861958273,1286.2215205283308,1476.475294786031,16.0,19.0,6.0
429.5021730160194,429.5021730160194,429.5021730160194,0.0,1.0,0.0
429.5021730160194,429.5021730160194,449.52044738313566,0.0,3.0,1.0
430.90786229855877,730.866715313682,1134.7995796757912,7.0,10.0,9.0
430.9547054986787,431.50680763837823,431.968373450215,1.0,4.0,1.0
430.9547054986787,430.9547054986787,430.9547054986787,0.0,1.0,0.0
431.50680763837823,1877.2057802123345,1940.3071484986374,17.0,20.0,4.0
431.968373450215,1720.3970118887796,1835.8921971269417,17.0,20.0,5.0
437.4302156604425,437.4302156604425,441.5975382915951,0.0,3.0,1.0
437.4302156604425,437.4302156604425,437.4302156604425,0.0,1.0,0.0
438.7752147876565,438.7752147876565,623.6509327940688,0.0,1.0,13.0
438.7850755090837,438.7850755090837,438.7850755090837,0.0,1.0,0.0
438.7850755090837,441.5975382915951,446.22991087678366,1.0,4.0,1.0
438.93721858894224,438.93721858894224,438.93721858894224,0.0,1.0,0.0
438.93721858894224,438.93721858894224,442.3485879912649,0.0,3.0,2.0
441.5975382915951,1893.625108673451,1898.9523595243131,17.0,20.0,4.0
442.3485879912649,665.9392062633261,727.3034773697373,8.0,11.0,7.0
446.22991087678366,1326.1857313078515,1354.018381394826,17.0,20.0,6.0
446.663982831549,1123.7204625955683,1270.8418951510264,8.0,11.0,8.0
446.68339299608175,988.3859164718333,1774.3103035902323,8.0,11.0,9.0
448.64674885832903,448.64674885832903,448.64674885832903,0.0,1.0,0.0
448.64674885832903,448.64674885832903,462.98091834548336,0.0,3.0,1.0
449.725748022087,449.725748022087,449.725748022087,0.0,1.0,0.0
449.725748022087,449.725748022087,469.61118587585787,0.0,3.0,1.0
453.3168207727634,460.85635764101903,475.69296886730245,1.0,4.0,1.0
453.3168207727634,453.3168207727634,453.3168207727634,0.0,1.0,0.0
453.4774773026764,453.4774773026764,453.4774773026764,0.0,1.0,0.0
453.4774773026764,453.4774773026764,458.91879401900974,0.0,1.0,2.0
453.97545742188026,464.30272978525704,477.8660062489959,1.0,4.0,28.0
455.2382961507648,455.2382961507648,455.2382961507648,0.0,1.0,0.0
455.2382961507648,455.2382961507648,460.87905368038537,0.0,2.0,2.0
456.94771279427624,456.94771279427624,458.90296833112785,0.0,2.0,13.0
458.91879401900974,1035.5630129085025,1247.5282330869493,8.0,11.0,9.0
460.87905368038537,701.1233230188737,779.4350264778368,9.0,12.0,7.0
460.9120867816777,460.9120867816777,1396.2017070809447,0.0,2.0,25.0
461.5123745410902,461.5123745410902,461.5123745410902,0.0,1.0,0.0
461.5123745410902,462.98091834548336,472.95163235377515,1.0,4.0,1.0
461.6147416515825,461.6147416515825,461.6147416515825,0.0,1.0,0.0
461.6147416515825,461.6147416515825,479.050629291464,0.0,1.0,2.0
462.98091834548336,1754.8229729776624,1846.8397740221594,18.0,21.0,5.0
464.2909669284975,464.2909669284975,464.2909669284975,0.0,1.0,0.0
464.2909669284975,469.61118587585787,470.90927546160276,1.0,4.0,1.0
465.3474051016896,465.3474051016896,465.3474051016896,0.0,1.0,0.0
465.3474051016896,465.3474051016896,475.0249133545262,0.0,2.0,2.0
469.1348819109614,469.1348819109614,765.7906523227552,0.0,1.0,31.0
469.5007332233759,469.5007332233759,469.5007332233759,0.0,1.0,0.0
469.5007332233759,469.5007332233759,497.3317402720904,0.0,3.0,2.0
475.0249133545262,1270.8418951510264,1581.1569194391907,8.0,11.0,8.0
475.69296886730245,1354.018381394826,1670.4103093950782,19.0,22.0,6.0
476.3922442669799,476.3922442669799,519.673259657688,0.0,3.0,19.0
479.050629291464,1392.4138634316128,1434.5718425199636,9.0,12.0,8.0
484.1686884133927,484.1686884133927,559.3928051777193,0.0,1.0,16.0
486.51145714612323,486.51145714612323,486.51145714612323,0.0,1.0,0.0
486.51145714612323,486.51145714612323,515.8151285407843,0.0,1.0,1.0
486.64003205641154,486.64003205641154,515.0461499906501,0.0,3.0,28.0
487.6503904079942,487.6503904079942,493.9017246457319,0.0,2.0,1.0
487.6503904079942,487.6503904079942,487.6503904079942,0.0,1.0,0.0
491.6223489509782,491.6223489509782,653.4055979462852,0.0,2.0,13.0
495.1001707152746,495.1001707152746,927.8602055554804,0.0,1.0,34.0
496.8760499062716,496.8760499062716,497.92230871756055,0.0,2.0,1.0
496.8760499062716,496.8760499062716,496.8760499062716,0.0,1.0,0.0
497.3317402720904,1134.7995796757912,1413.4765449383988,8.0,11.0,9.0
501.62004060775035,501.62004060775035,501.62004060775035,0.0,1.0,0.0
501.62004060775035,501.62004060775035,513.2361702618126,0.0,2.0,1.0
504.352678572882,515.0461499906501,570.4143526569704,1.0,4.0,28.0
507.22716605773405,507.22716605773405,528.2509558034035,0.0,3.0,1.0
507.22716605773405,507.22716605773405,507.22716605773405,0.0,1.0,0.0
509.72784392803743,567.8473518922577,655.9024581134961,1.0,4.0,22.0
513.2361702618126,1476.475294786031,1754.7933983427847,19.0,22.0,6.0
518.3467539636559,518.3467539636559,540.1776690540913,0.0,2.0,1.0
518.3467539636559,518.3467539636559,518.3467539636559,0.0,1.0,0.0
523.7651711359704,523.7651711359704,638.0062616299002,0.0,1.0,23.0
525.3031509666926,525.3031509666926,538.4242782114057,0.0,3.0,1.0
525.3031509666926,525.3031509666926,525.3031509666926,0.0,1.0,0.0
529.3540726430757,529.3540726430757,529.3540726430757,0.0,1.0,0.0
529.3540726430757,529.3540726430757,545.537438535419,0.0,3.0,1.0
530.68538809808,538.4242782114057,546.8477614577113,1.0,4.0,1.0
530.68538809808,530.68538809808,530.68538809808,0.0,1.0,0.0
532.8219031754498,532.8219031754498,539.2528448852089,0.0,1.0,2.0
532.8219031754498,532.8219031754498,532.8219031754498,0.0,1.0,0.0
533.5362606071296,533.5362606071296,533.5362606071296,0.0,1.0,0.0
533.5362606071296,533.5362606071296,571.6017126090545,0.0,2.0,2.0
534.4999917741382,534.4999917741382,602.6965809183055,0.0,2.0,23.0
535.1240535949308,535.1240535949308,535.1240535949308,0.0,1.0,0.0
535.1240535949308,535.1240535949308,570.7248295921307,0.0,3.0,2.0
538.4242782114057,1670.4103093950782,1807.1767538471222,20.0,23.0,6.0
539.2528448852089,717.1207840933339,962.4593567242921,7.0,10.0,7.0
539.9018273000064,539.9018273000064,600.1191889557335,0.0,3.0,23.0
545.0980372936828,545.0980372936828,1106.9253105111336,0.0,2.0,16.0
549.1881069773984,549.1881069773984,549.1881069773984,0.0,1.0,0.0
549.1881069773984,549.1881069773984,550.2483534073148,0.0,1.0,1.0
550.2483534073148,1754.7933983427847,1799.855374061487,21.0,24.0,6.0
550.3902097623646,550.3902097623646,550.3902097623646,0.0,1.0,0.0
550.3902097623646,550.3902097623646,559.3559761703693,0.0,1.0,1.0
550.9411967371101,550.9411967371101,690.263727891376,0.0,3.0,25.0
552.7871490840548,552.7871490840548,567.4913604772817,0.0,2.0,1.0
552.7871490840548,552.7871490840548,552.7871490840548,0.0,1.0,0.0
554.9085635077568,554.9085635077568,571.9202294903156,0.0,3.0,1.0
554.9085635077568,554.9085635077568,554.9085635077568,0.0,1.0,0.0
554.9940197725987,554.9940197725987,554.9940197725987,0.0,1.0,0.0
554.9940197725987,559.3559761703693,562.5272221264936,1.0,4.0,1.0
555.5473563909029,555.5473563909029,555.5473563909029,0.0,1.0,0.0
555.5473563909029,555.5473563909029,569.3383546487763,0.0,3.0,2.0
567.4913604772817,1799.855374061487,1827.8542466597655,22.0,25.0,6.0
569.3383546487763,727.3034773697373,788.7317507833125,7.0,10.0,7.0
570.7248295921307,779.4350264778368,833.431582314227,8.0,11.0,7.0
571.6017126090545,1247.5282330869493,1435.8462142164453,8.0,11.0,9.0
573.2485752691807,573.2485752691807,742.91352632196,0.0,2.0,31.0
574.4279326635831,574.4279326635831,576.3088668633332,0.0,1.0,1.0
574.4279326635831,574.4279326635831,574.4279326635831,0.0,1.0,0.0
575.2451882151411,575.2451882151411,581.3798433815891,0.0,2.0,1.0
575.2451882151411,575.2451882151411,575.2451882151411,0.0,1.0,0.0
576.1861832232607,576.1861832232607,591.7638503879502,0.0,3.0,31.0
577.4033542086273,577.4033542086273,577.4033542086273,0.0,1.0,0.0
577.4033542086273,577.4033542086273,580.8168675181025,0.0,2.0,1.0
579.1902165097778,579.1902165097778,592.47484064884,0.0,3.0,1.0
579.1902165097778,579.1902165097778,579.1902165097778,0.0,1.0,0.0
579.236804916708,580.8168675181025,600.03504911238,1.0,4.0,1.0
579.236804916708,579.236804916708,579.236804916708,0.0,1.0,0.0
580.5044217034318,655.9024581134961,830.9962727850934,1.0,4.0,22.0
580.5241795185797,600.1191889557335,871.1685101545636,1.0,4.0,23.0
580.8168675181025,1807.1767538471222,1918.1081779830588,23.0,26.0,6.0
590.4298149611097,590.4298149611097,624.3280314135133,0.0,3.0,28.0
593.0915879314578,593.0915879314578,603.733459267537,0.0,2.0,1.0
593.0915879314578,593.0915879314578,593.0915879314578,0.0,1.0,0.0
598.8386756827996,598.8386756827996,609.9810925980523,0.0,3.0,1.0
598.8386756827996,598.8386756827996,598.8386756827996,0.0,1.0,0.0
599.0412755384639,599.0412755384639,599.0412755384639,0.0,1.0,0.0
599.0412755384639,600.03504911238,600.987711096474,1.0,4.0,1.0
600.03504911238,1827.8542466597655,1966.0130317980563,24.0,27.0,6.0
600.8312964159147,600.987711096474,624.209264529544,1.0,4.0,1.0
600.8312964159147,600.8312964159147,600.8312964159147,0.0,1.0,0.0
601.1740419611683,603.733459267537,631.4428716946195,1.0,4.0,1.0
601.1740419611683,601.1740419611683,601.1740419611683,0.0,1.0,0.0
601.4623304727621,601.4623304727621,603.9873026310851,0.0,1.0,2.0
601.4623304727621,601.4623304727621,601.4623304727621,0.0,1.0,0.0
603.9873026310851,788.7317507833125,860.3239691917943,7.0,10.0,7.0
608.5551284054969,609.9810925980523,681.2746605577441,1.0,4.0,1.0
608.5551284054969,608.5551284054969,608.5551284054969,0.0,1.0,0.0
609.9810925980523,1918.1081779830588,1999.2375588962545,25.0,28.0,6.0
617.087227415772,617.087227415772,670.5978333287823,0.0,2.0,19.0
618.8769533395283,618.8769533395283,644.368107234133,0.0,3.0,13.0
621.7384828441157,621.7384828441157,935.0143420348223,0.0,3.0,19.0
624.5199373844794,670.5978333287823,795.9975323051856,1.0,4.0,19.0
636.5741666626226,636.5741666626226,636.5741666626226,0.0,1.0,0.0
636.5741666626226,636.5741666626226,636.7681798620932,0.0,2.0,1.0
636.9819846686071,636.9819846686071,636.9819846686071,0.0,1.0,0.0
636.9819846686071,636.9819846686071,638.4150360832801,0.0,2.0,1.0
638.6530323782168,638.6530323782168,638.6530323782168,0.0,1.0,0.0
638.6530323782168,638.6530323782168,672.6018209847296,0.0,2.0,1.0
638.9431289157245,638.9431289157245,670.7143268924222,0.0,3.0,13.0
639.0323852920512,639.0323852920512,639.0323852920512,0.0,1.0,0.0
639.0323852920512,639.0323852920512,641.4337727529753,0.0,3.0,1.0
639.0824889087036,639.0824889087036,639.0824889087036,0.0,1.0,0.0
639.0824889087036,641.4337727529753,644.5198633326845,1.0,4.0,1.0
641.0977554681084,641.0977554681084,641.0977554681084,0.0,1.0,0.0
641.0977554681084,641.0977554681084,642.4733367619773,0.0,1.0,2.0
642.4733367619773,833.431582314227,983.2742979881666,8.0,11.0,7.0
643.3958605582235,644.5198633326845,653.1417028695469,1.0,4.0,1.0
643.3958605582235,643.3958605582235,643.3958605582235,0.0,1.0,0.0
644.6262783135056,644.6262783135056,788.9401362296697,0.0,3.0,13.0
650.1161818689528,650.1161818689528,790.7694756457942,0.0,2.0,23.0
664.0101363650351,664.0101363650351,1106.0211938459502,0.0,1.0,28.0
664.7407606318253,664.7407606318253,668.4624260208616,0.0,3.0,1.0
664.7407606318253,664.7407606318253,664.7407606318253,0.0,1.0,0.0
665.9392062633261,766.4604233870386,1156.9180024420061,1.0,4.0,22.0
667.4061304358974,667.4061304358974,667.4061304358974,0.0,1.0,0.0
667.4061304358974,668.4624260208616,681.483448902794,1.0,4.0,1.0
669.4680730619746,669.4680730619746,942.487527566052,0.0,2.0,16.0
672.5061066892682,672.5061066892682,672.5061066892682,0.0,1.0,0.0
672.5061066892682,672.6018209847296,699.0301787429036,1.0,4.0,1.0
672.6323903477368,681.2746605577441,695.5137747131121,1.0,4.0,1.0
672.6323903477368,672.6323903477368,672.6323903477368,0.0,1.0,0.0
677.0615969303582,677.0615969303582,685.5673981683237,0.0,1.0,2.0
677.0615969303582,677.0615969303582,677.0615969303582,0.0,1.0,0.0
678.561868333521,678.561868333521,678.561868333521,0.0,1.0,0.0
678.561868333521,678.561868333521,688.8899417325702,0.0,2.0,2.0
683.5687379672279,683.5687379672279,683.5687379672279,0.0,1.0,0.0
683.5687379672279,683.5687379672279,695.0815731966361,0.0,3.0,1.0
685.4130128271433,685.4130128271433,685.4130128271433,0.0,1.0,0.0
685.4130128271433,695.0815731966361,695.788333913639,1.0,4.0,1.0
685.5673981683237,860.3239691917943,1031.6397893304684,7.0,10.0,7.0
687.178577182701,794.581109504295,950.9178541955355,1.0,4.0,19.0
688.8862844317488,688.8862844317488,688.8862844317488,0.0,1.0,0.0
688.8862844317488,688.8862844317488,695.8821001620454,0.0,2.0,2.0
688.8899417325702,1413.4765449383988,1469.349838692838,7.0,10.0,9.0
689.4033551996056,689.4033551996056,716.5330245813394,0.0,2.0,2.0
689.4033551996056,689.4033551996056,689.4033551996056,0.0,1.0,0.0
695.0380264525559,695.0380264525559,716.3869404400748,0.0,3.0,2.0
695.0380264525559,695.0380264525559,695.0380264525559,0.0,1.0,0.0
695.0445142833408,695.0445142833408,695.0445142833408,0.0,1.0,0.0
695.0445142833408,695.8821001620454,714.0895117247388,1.0,4.0,2.0
695.8821001620454,962.4593567242921,981.8866198771555,8.0,11.0,7.0
696.9897549131183,696.9897549131183,1048.0638343523588,0.0,1.0,20.0
701.1233230188737,701.1233230188737,877.6334016763714,0.0,3.0,23.0
704.8963228133883,704.8963228133883,718.7273269865965,0.0,1.0,1.0
704.8963228133883,704.8963228133883,704.8963228133883,0.0,1.0,0.0
713.6944039261033,713.6944039261033,714.0995112545759,0.0,2.0,1.0
713.6944039261033,713.6944039261033,713.6944039261033,0.0,1.0,0.0
714.0895117247388,981.8866198771555,1151.4383892566689,8.0,11.0,7.0
716.3869404400748,1435.8462142164453,1507.6487775847997,8.0,11.0,9.0
716.5330245813394,983.2742979881666,1086.414365529503,9.0,12.0,7.0
717.1207840933339,790.7694756457942,988.6021291373412,1.0,4.0,23.0
720.6050450583095,720.6050450583095,720.6050450583095,0.0,1.0,0.0
720.6050450583095,720.6050450583095,748.883682462448,0.0,1.0,1.0
723.0448511401651,723.0448511401651,860.7853908885522,0.0,2.0,20.0
727.9384796330962,727.9384796330962,780.2394676851137,0.0,2.0,28.0
728.4474954520745,728.4474954520745,736.8557480075542,0.0,2.0,1.0
728.4474954520745,728.4474954520745,728.4474954520745,0.0,1.0,0.0
729.3110103424499,729.3110103424499,973.629897545709,0.0,3.0,16.0
729.7131103675129,729.7131103675129,746.7515754335817,0.0,3.0,20.0
730.1550109311195,730.1550109311195,730.1550109311195,0.0,1.0,0.0
730.1550109311195,730.1550109311195,772.5552438824263,0.0,3.0,1.0
730.866715313682,730.866715313682,834.2038313187669,0.0,3.0,28.0
736.7347518358746,736.8557480075542,739.7660297745662,1.0,4.0,1.0
736.7347518358746,736.7347518358746,736.7347518358746,0.0,1.0,0.0
738.7537046371906,739.7660297745662,760.7523539433956,1.0,4.0,1.0
738.7537046371906,738.7537046371906,738.7537046371906,0.0,1.0,0.0
740.93933250726,740.93933250726,740.93933250726,0.0,1.0,0.0
740.93933250726,748.883682462448,783.3597740072533,1.0,4.0,1.0
749.594821908045,760.7523539433956,762.8821985742402,1.0,4.0,1.0
749.594821908045,749.594821908045,749.594821908045,0.0,1.0,0.0
750.5134800061647,750.5134800061647,772.4699768477894,0.0,1.0,2.0
750.5134800061647,750.5134800061647,750.5134800061647,0.0,1.0,0.0
756.1775179527955,942.487527566052,1450.0242301456567,1.0,4.0,16.0
761.2888434363938,761.2888434363938,761.2888434363938,0.0,1.0,0.0
761.2888434363938,762.8821985742402,792.3307070301179,1.0,4.0,1.0
762.8878683150925,762.8878683150925,762.8878683150925,0.0,1.0,0.0
762.8878683150925,772.5552438824263,796.7100253211289,1.0,4.0,1.0
765.3001140791862,765.3001140791862,765.3001140791862,0.0,1.0,0.0
765.3001140791862,765.3001140791862,765.3997304855739,0.0,2.0,2.0
765.3997304855739,1469.349838692838,1595.2581248271279,7.0,10.0,9.0
767.2198203279437,767.2198203279437,767.2198203279437,0.0,1.0,0.0
767.2198203279437,767.2198203279437,768.7417612678194,0.0,2.0,2.0
768.7417612678194,1031.6397893304684,1247.1414283877498,8.0,11.0,7.0
772.4699768477894,1507.6487775847997,1524.248700921344,8.0,11.0,9.0
773.3053694661476,783.3597740072533,790.2064941936837,1.0,4.0,1.0
773.3053694661476,773.3053694661476,773.3053694661476,0.0,1.0,0.0
773.6635480617662,773.6635480617662,773.6635480617662,0.0,1.0,0.0
773.6635480617662,773.6635480617662,775.0045545430623,0.0,1.0,2.0
774.8905833448516,774.8905833448516,828.0294513934106,0.0,3.0,20.0
775.0045545430623,1086.414365529503,1208.9057512875834,9.0,12.0,7.0
779.4350264778368,815.6688709504574,876.7784926767184,1.0,4.0,22.0
785.1808266144309,785.1808266144309,1442.583586465882,0.0,2.0,25.0
785.217350401597,790.2064941936837,814.2274683852719,1.0,4.0,1.0
785.217350401597,785.217350401597,785.217350401597,0.0,1.0,0.0
787.2835846003214,787.2835846003214,790.3133828615954,0.0,1.0,2.0
787.2835846003214,787.2835846003214,787.2835846003214,0.0,1.0,0.0
787.8183046894646,787.8183046894646,787.8183046894646,0.0,1.0,0.0
787.8183046894646,787.8183046894646,793.030912293054,0.0,2.0,2.0
788.6805447006575,788.6805447006575,810.4580770679261,0.0,3.0,2.0
788.6805447006575,788.6805447006575,788.6805447006575,0.0,1.0,0.0
788.7317507833125,788.7317507833125,908.1263281385711,0.0,2.0,24.0
790.3133828615954,1151.4383892566689,1315.533756602424,8.0,11.0,7.0
790.6474542694784,792.3307070301179,794.6306287402571,1.0,4.0,1.0
790.6474542694784,790.6474542694784,790.6474542694784,0.0,1.0,0.0
791.2051028408974,791.2051028408974,807.6937062081985,0.0,3.0,2.0
791.2051028408974,791.2051028408974,791.2051028408974,0.0,1.0,0.0
792.2198041405226,793.030912293054,816.666320864387,1.0,4.0,2.0
792.2198041405226,792.2198041405226,792.2198041405226,0.0,1.0,0.0
793.030912293054,1434.5718425199636,1504.4409722111159,8.0,11.0,8.0
793.3992351962651,794.6306287402571,818.4408212346337,1.0,4.0,1.0
793.3992351962651,793.3992351962651,793.3992351962651,0.0,1.0,0.0
797.543247628472,797.543247628472,840.7429092503373,0.0,3.0,25.0
804.4119128711275,804.4119128711275,804.4119128711275,0.0,1.0,0.0
804.4119128711275,804.4119128711275,810.8527404816389,0.0,3.0,1.0
806.9231884686707,806.9231884686707,806.9231884686707,0.0,1.0,0.0
806.9231884686707,810.8527404816389,818.9024293220499,1.0,4.0,1.0
807.2510414483813,807.2510414483813,807.2510414483813,0.0,1.0,0.0
807.2510414483813,807.6937062081985,816.6666903582047,1.0,4.0,2.0
807.6937062081985,1504.4409722111159,1567.2942256319857,8.0,11.0,8.0
807.725661874253,807.725661874253,807.725661874253,0.0,1.0,0.0
807.725661874253,810.4580770679261,819.3779254796614,1.0,4.0,2.0
808.3679137180534,808.3679137180534,828.7637813024913,0.0,1.0,3.0
808.3679137180534,808.3679137180534,808.3679137180534,0.0,1.0,0.0
810.3089451406103,810.3089451406103,819.0331695238294,0.0,2.0,3.0
810.3089451406103,810.3089451406103,810.3089451406103,0.0,1.0,0.0
810.4580770679261,1208.9057512875834,1289.4759551693533,9.0,12.0,7.0
816.666320864387,1507.4107963779898,1590.9156927757538,9.0,12.0,8.0
816.6666903582047,1524.248700921344,1533.8255537918142,9.0,12.0,9.0
819.0331695238294,819.0331695238294,855.4593768169553,0.0,1.0,10.0
819.2867012704206,819.2867012704206,819.2867012704206,0.0,1.0,0.0
819.2867012704206,819.2867012704206,822.7441683606061,0.0,1.0,1.0
819.3779254796614,1247.1414283877498,1521.6960672133719,10.0,13.0,7.0
821.553310292229,821.553310292229,821.553310292229,0.0,1.0,0.0
821.553310292229,821.553310292229,865.4227796983926,0.0,2.0,1.0
826.7200248321474,826.7200248321474,829.2427173034929,0.0,2.0,1.0
826.7200248321474,826.7200248321474,826.7200248321474,0.0,1.0,0.0
828.7637813024913,828.7637813024913,949.336429527837,0.0,2.0,10.0
833.3517685729553,833.3517685729553,833.3517685729553,0.0,1.0,0.0
833.3517685729553,833.3517685729553,836.9353155650219,0.0,2.0,1.0
833.431582314227,833.431582314227,875.0732716940901,0.0,3.0,22.0
836.2424525796123,836.2424525796123,840.7828261883125,0.0,3.0,1.0
836.2424525796123,836.2424525796123,836.2424525796123,0.0,1.0,0.0
837.2058343731094,837.2058343731094,837.2058343731094,0.0,1.0,0.0
837.2058343731094,837.2058343731094,838.3272086889385,0.0,3.0,1.0
841.5309163643619,841.5309163643619,841.5309163643619,0.0,1.0,0.0
841.5309163643619,841.5309163643619,843.2810014574644,0.0,2.0,1.0
844.9099481848649,844.9099481848649,859.9293820901127,0.0,2.0,1.0
844.9099481848649,844.9099481848649,844.9099481848649,0.0,1.0,0.0
848.0640423104221,848.0640423104221,996.6746654977518,0.0,1.0,17.0
848.4636489024888,848.4636489024888,860.0594163772492,0.0,2.0,17.0
854.679548621615,854.679548621615,854.679548621615,0.0,1.0,0.0
854.679548621615,854.679548621615,858.3918640863457,0.0,3.0,1.0
855.4593768169553,855.4593768169553,883.8600187790621,0.0,1.0,31.0
857.2384752444497,858.3918640863457,907.326521611562,1.0,4.0,1.0
857.2384752444497,857.2384752444497,857.2384752444497,0.0,1.0,0.0
860.3239691917943,875.0732716940901,1167.6559847447088,1.0,4.0,22.0
860.5216112174456,860.5216112174456,867.9374213881102,0.0,3.0,1.0
860.5216112174456,860.5216112174456,860.5216112174456,0.0,1.0,0.0
860.7481865567511,860.7481865567511,860.7481865567511,0.0,1.0,0.0
860.7481865567511,865.4227796983926,877.5577700772546,1.0,4.0,1.0
868.3715646737984,868.3715646737984,868.3715646737984,0.0,1.0,0.0
868.3715646737984,868.3715646737984,896.8916616309067,0.0,3.0,1.0
868.5963262373571,868.5963262373571,868.5963262373571,0.0,1.0,0.0
868.5963262373571,877.5577700772546,882.9664175121351,1.0,4.0,1.0
879.0193068265296,879.0193068265296,879.0193068265296,0.0,1.0,0.0
879.0193068265296,882.9664175121351,901.8197081995268,1.0,4.0,1.0
881.6033692917,881.6033692917,914.1370226369731,0.0,1.0,2.0
881.6033692917,881.6033692917,881.6033692917,0.0,1.0,0.0
882.769000265111,882.769000265111,892.0224189719847,0.0,2.0,2.0
882.769000265111,882.769000265111,882.769000265111,0.0,1.0,0.0
887.6452095961628,887.6452095961628,935.6130386300551,0.0,3.0,25.0
888.8003592801383,896.8916616309067,918.5238267928468,1.0,4.0,1.0
888.8003592801383,888.8003592801383,888.8003592801383,0.0,1.0,0.0
891.0676333134572,891.0676333134572,902.5930795199583,0.0,3.0,2.0
891.0676333134572,891.0676333134572,891.0676333134572,0.0,1.0,0.0
892.0224189719847,1289.4759551693533,1387.0605596715623,9.0,12.0,7.0
894.615302677649,894.615302677649,909.9521152477599,0.0,3.0,2.0
894.615302677649,894.615302677649,894.615302677649,0.0,1.0,0.0
898.2712009780728,901.8197081995268,931.3530629022314,1.0,4.0,1.0
898.2712009780728,898.2712009780728,898.2712009780728,0.0,1.0,0.0
898.9504328469292,898.9504328469292,898.9504328469292,0.0,1.0,0.0
898.9504328469292,902.5930795199583,913.8262655979365,1.0,4.0,2.0
899.187921540147,899.187921540147,938.4507634211222,0.0,1.0,3.0
899.187921540147,899.187921540147,899.187921540147,0.0,1.0,0.0
902.5930795199583,1567.2942256319857,1600.759137778849,9.0,12.0,8.0
903.6497750374667,907.326521611562,916.6500352848731,1.0,4.0,1.0
903.6497750374667,903.6497750374667,903.6497750374667,0.0,1.0,0.0
909.5484237776948,916.6500352848731,919.138807667976,1.0,4.0,1.0
909.5484237776948,909.5484237776948,909.5484237776948,0.0,1.0,0.0
909.9521152477599,1315.533756602424,1426.165205110303,10.0,13.0,7.0
910.4391072156827,910.4391072156827,910.4391072156827,0.0,1.0,0.0
910.4391072156827,910.4391072156827,926.9215305963739,0.0,3.0,2.0
913.8262655979365,1581.1569194391907,1799.8828791044975,10.0,13.0,8.0
914.1370226369731,1533.8255537918142,1740.4264801849781,10.0,13.0,9.0
919.018873440386,919.018873440386,919.018873440386,0.0,1.0,0.0
919.018873440386,919.018873440386,929.1630214968291,0.0,3.0,1.0
920.7299075380193,920.7299075380193,920.7299075380193,0.0,1.0,0.0
920.7299075380193,920.7299075380193,939.1601746085304,0.0,3.0,1.0
925.239933394717,935.6130386300551,1046.1688318438894,1.0,4.0,25.0
926.8698379819947,929.1630214968291,932.2283884847933,1.0,4.0,1.0
926.8698379819947,926.8698379819947,926.8698379819947,0.0,1.0,0.0
926.9215305963739,1590.9156927757538,1703.7098503806858,10.0,13.0,8.0
935.8302623887828,935.8302623887828,993.2131284189364,0.0,2.0,17.0
938.4507634211222,938.4507634211222,1361.8455839140202,0.0,2.0,10.0
948.7697146030691,948.7697146030691,948.7697146030691,0.0,1.0,0.0
948.7697146030691,948.7697146030691,958.4657445224751,0.0,1.0,1.0
949.336429527837,949.336429527837,1030.2582982582985,0.0,1.0,31.0
949.4135969040583,949.4135969040583,949.4135969040583,0.0,1.0,0.0
949.4135969040583,949.4135969040583,962.5279619557617,0.0,2.0,1.0
950.4893025349331,950.4893025349331,981.1582821186399,0.0,3.0,1.0
950.4893025349331,950.4893025349331,950.4893025349331,0.0,1.0,0.0
951.1379138255818,951.1379138255818,951.1379138255818,0.0,1.0,0.0
951.1379138255818,958.4657445224751,959.2730764977418,1.0,4.0,1.0
960.8611752371718,960.8611752371718,960.8611752371718,0.0,1.0,0.0
960.8611752371718,960.8611752371718,977.2418125349952,0.0,3.0,1.0
962.4593567242921,962.4593567242921,1092.8094254547348,0.0,3.0,22.0
964.2402106655554,964.2402106655554,984.9968045060398,0.0,3.0,1.0
964.2402106655554,964.2402106655554,964.2402106655554,0.0,1.0,0.0
972.9674666302058,972.9674666302058,972.9674666302058,0.0,1.0,0.0
972.9674666302058,977.2418125349952,988.1334878171795,1.0,4.0,1.0
981.8866198771555,1092.8094254547348,1198.0765846605968,1.0,4.0,22.0
983.2742979881666,983.2742979881666,1545.2508831933,0.0,2.0,23.0
988.3859164718333,988.3859164718333,1088.5737421120168,0.0,2.0,28.0
988.5709980279757,1046.1688318438894,1307.9693327502853,1.0,4.0,25.0
989.4266376309388,989.4266376309388,989.8471409268477,0.0,1.0,1.0
989.4266376309388,989.4266376309388,989.4266376309388,0.0,1.0,0.0
990.4809153469807,990.4809153469807,1025.4077428579933,0.0,3.0,16.0
991.0017229029066,991.0017229029066,991.0017229029066,0.0,1.0,0.0
991.0017229029066,991.0017229029066,1006.087158168062,0.0,1.0,1.0
992.3627334004982,992.3627334004982,1026.7900344555835,0.0,2.0,1.0
992.3627334004982,992.3627334004982,992.3627334004982,0.0,1.0,0.0
996.9886747427919,996.9886747427919,1001.4552759639762,0.0,3.0,1.0
996.9886747427919,996.9886747427919,996.9886747427919,0.0,1.0,0.0
999.9176350719731,1001.4552759639762,1004.9754775243144,1.0,4.0,1.0
999.9176350719731,999.9176350719731,999.9176350719731,0.0,1.0,0.0
1001.7057173023377,1004.9754775243144,1058.7009079108739,1.0,4.0,1.0
1001.7057173023377,1001.7057173023377,1001.7057173023377,0.0,1.0,0.0
1001.8441096340051,1001.8441096340051,1004.1274548412044,0.0,1.0,2.0
1001.8441096340051,1001.8441096340051,1001.8441096340051,0.0,1.0,0.0
1004.1274548412044,1387.0605596715623,1547.4301283262078,8.0,11.0,7.0
1004.5713527183291,1004.5713527183291,1004.5713527183291,0.0,1.0,0.0
1004.5713527183291,1004.5713527183291,1034.4527434809963,0.0,1.0,2.0
1007.4974802492626,1007.4974802492626,1007.4974802492626,0.0,1.0,0.0
1007.4974802492626,1007.4974802492626,1022.7589737162323,0.0,3.0,1.0
1013.5948511151528,1013.5948511151528,1013.5948511151528,0.0,1.0,0.0
1013.5948511151528,1022.7589737162323,1071.9238772380195,1.0,4.0,1.0
1015.6171527767176,1025.4077428579933,1178.5733080377033,1.0,4.0,16.0
1025.0868181030091,1025.0868181030091,1025.0868181030091,0.0,1.0,0.0
1025.0868181030091,1026.7900344555835,1040.8561755211697,1.0,4.0,1.0
1026.2489659773355,1106.9253105111336,1298.4225077002088,1.0,4.0,16.0
1028.9675533437817,1040.8561755211697,1045.6268215860218,1.0,4.0,1.0
1028.9675533437817,1028.9675533437817,1028.9675533437817,0.0,1.0,0.0
1029.1902102476756,1029.1902102476756,1044.9443056095115,0.0,2.0,2.0
1029.1902102476756,1029.1902102476756,1029.1902102476756,0.0,1.0,0.0
1029.5052959221887,1029.5052959221887,1030.771659849857,0.0,3.0,2.0
1029.5052959221887,1029.5052959221887,1029.5052959221887,0.0,1.0,0.0
1030.771659849857,1426.165205110303,1453.7183826383064,9.0,12.0,7.0
1031.5751715984682,1031.5751715984682,1031.5751715984682,0.0,1.0,0.0
1031.5751715984682,1031.5751715984682,1039.7167180920455,0.0,3.0,2.0
1031.6397893304684,1031.6397893304684,1150.6479317197036,0.0,2.0,23.0
1032.721144171733,1034.4527434809963,1048.4992520746123,1.0,4.0,2.0
1032.721144171733,1032.721144171733,1032.721144171733,0.0,1.0,0.0
1034.4527434809963,1453.7183826383064,1561.9225979318596,9.0,12.0,7.0
1035.5630129085025,1035.5630129085025,1112.1260592428332,0.0,3.0,28.0
1036.6683926147666,1039.7167180920455,1040.7843650965544,1.0,4.0,2.0
1036.6683926147666,1036.6683926147666,1036.6683926147666,0.0,1.0,0.0
1039.7167180920455,1595.2581248271279,1595.5709282555,9.0,12.0,9.0
1040.7843650965544,1521.6960672133719,1681.178883893301,10.0,13.0,7.0
1044.2460192384626,1045.6268215860218,1049.7513334182029,1.0,4.0,1.0
1044.2460192384626,1044.2460192384626,1044.2460192384626,0.0,1.0,0.0
1045.695692731376,1045.695692731376,1045.695692731376,0.0,1.0,0.0
1045.695692731376,1049.7513334182029,1052.8134436446621,1.0,4.0,1.0
1048.4992520746123,1595.5709282555,1605.52552692801,10.0,13.0,9.0
1048.8294727839173,1048.8294727839173,1126.0037729775377,0.0,1.0,2.0
1048.8294727839173,1048.8294727839173,1048.8294727839173,0.0,1.0,0.0
1050.4815918847958,1052.8134436446621,1055.0027024899105,1.0,4.0,1.0
1050.4815918847958,1050.4815918847958,1050.4815918847958,0.0,1.0,0.0
1060.6291669278985,1060.6291669278985,1067.1096863936516,0.0,2.0,1.0
1060.6291669278985,1060.6291669278985,1060.6291669278985,0.0,1.0,0.0
1066.54488134402,1066.54488134402,1085.0156140617469,0.0,3.0,1.0
1066.54488134402,1066.54488134402,1066.54488134402,0.0,1.0,0.0
1076.2315522059428,1076.2315522059428,1088.3338995676054,0.0,2.0,1.0
1076.2315522059428,1076.2315522059428,1076.2315522059428,0.0,1.0,0.0
1082.445009127163,1082.445009127163,1082.445009127163,0.0,1.0,0.0
1082.445009127163,1082.445009127163,1096.4871973712375,0.0,3.0,1.0
1084.9492776745678,1084.9492776745678,1084.9492776745678,0.0,1.0,0.0
1084.9492776745678,1085.0156140617469,1128.9699178901274,1.0,4.0,1.0
1084.998284973412,1084.998284973412,1084.998284973412,0.0,1.0,0.0
1084.998284973412,1084.998284973412,1092.817231071093,0.0,2.0,2.0
1086.414365529503,1086.414365529503,1147.7102167297699,0.0,3.0,23.0
1089.606525419485,1089.606525419485,1129.4293774335429,0.0,1.0,13.0
1090.6769072648663,1090.6769072648663,1102.2088569438433,0.0,3.0,1.0
1090.6769072648663,1090.6769072648663,1090.6769072648663,0.0,1.0,0.0
1092.817231071093,1547.4301283262078,1575.6357023332157,10.0,13.0,7.0
1099.2856079062979,1099.2856079062979,1099.2856079062979,0.0,1.0,0.0
1099.2856079062979,1099.2856079062979,1101.394790285237,0.0,3.0,1.0
1100.3471192227414,1101.394790285237,1117.3601251267578,1.0,4.0,1.0
1100.3471192227414,1100.3471192227414,1100.3471192227414,0.0,1.0,0.0
1102.3499740644766,1102.3499740644766,1102.3499740644766,0.0,1.0,0.0
1102.3499740644766,1102.3499740644766,1120.7350187460725,0.0,3.0,1.0
1104.912899955469,1117.3601251267578,1132.3764778541813,1.0,4.0,1.0
1104.912899955469,1104.912899955469,1104.912899955469,0.0,1.0,0.0
1106.9624462408628,1106.9624462408628,1106.9624462408628,0.0,1.0,0.0
1106.9624462408628,1106.9624462408628,1107.6525719406188,0.0,2.0,2.0
1107.6525719406188,1561.9225979318596,1756.0111355210884,11.0,14.0,7.0
1108.3778586621977,1108.3778586621977,1116.28083911109,0.0,2.0,2.0
1108.3778586621977,1108.3778586621977,1108.3778586621977,0.0,1.0,0.0
1115.3190698915982,1115.3190698915982,1116.887877498196,0.0,3.0,2.0
1115.3190698915982,1115.3190698915982,1115.3190698915982,0.0,1.0,0.0
1116.887877498196,1605.52552692801,1970.0818098788538,11.0,14.0,9.0
1117.3567239473969,1117.3567239473969,1117.3567239473969,0.0,1.0,0.0
1117.3567239473969,1117.3567239473969,1131.5913220833668,0.0,2.0,2.0
1121.5545948646247,1121.5545948646247,1142.540185644558,0.0,3.0,1.0
1121.5545948646247,1121.5545948646247,1121.5545948646247,0.0,1.0,0.0
1123.7204625955683,1307.9693327502853,1388.6499741730954,1.0,4.0,25.0
1126.0037729775377,1799.8828791044975,1818.451963334978,11.0,14.0,8.0
1128.918940602089,1128.9699178901274,1156.7724106206924,1.0,4.0,1.0
1128.918940602089,1128.918940602089,1128.918940602089,0.0,1.0,0.0
1131.5913220833668,1575.6357023332157,1639.4612530605423,12.0,15.0,7.0
1133.0596489917216,1133.0596489917216,1158.0569244665112,0.0,1.0,13.0
1134.7995796757912,1134.7995796757912,1180.4520411560907,0.0,1.0,28.0
1143.168755399548,1143.168755399548,1174.4584956878484,0.0,2.0,1.0
1143.168755399548,1143.168755399548,1143.168755399548,0.0,1.0,0.0
1145.313364158861,1145.313364158861,1145.313364158861,0.0,1.0,0.0
1145.313364158861,1145.313364158861,1180.7602066665015,0.0,3.0,1.0
1148.1505558152273,1156.7724106206924,1184.9795847423095,1.0,4.0,1.0
1148.1505558152273,1148.1505558152273,1148.1505558152273,0.0,1.0,0.0
1148.8818898562595,1148.8818898562595,1189.2415456990943,0.0,1.0,19.0
1149.1537783621375,1149.1537783621375,1149.320271993452,0.0,1.0,2.0
1149.1537783621375,1149.1537783621375,1149.1537783621375,0.0,1.0,0.0
1149.320271993452,1740.4264801849781,1827.5634673310055,11.0,14.0,9.0
1151.4383892566689,1156.9180024420061,1193.667699786976,1.0,4.0,22.0
1152.127340223086,1152.127340223086,1158.6176376712428,0.0,1.0,2.0
1152.127340223086,1152.127340223086,1152.127340223086,0.0,1.0,0.0
1156.5908274618796,1156.5908274618796,1156.5908274618796,0.0,1.0,0.0
1156.5908274618796,1156.5908274618796,1190.9385815603844,0.0,2.0,2.0
1158.6176376712428,1639.4612530605423,1726.620872859833,12.0,15.0,7.0
1162.9457875924827,1162.9457875924827,1162.9457875924827,0.0,1.0,0.0
1162.9457875924827,1174.4584956878484,1175.4239648986224,1.0,4.0,1.0
1166.5448268084556,1166.5448268084556,1166.5448268084556,0.0,1.0,0.0
1166.5448268084556,1166.5448268084556,1197.9744478635994,0.0,2.0,2.0
1166.8123043321475,1166.8123043321475,1166.8123043321475,0.0,1.0,0.0
1166.8123043321475,1166.8123043321475,1174.6839371666697,0.0,3.0,2.0
1168.9051129757806,1168.9051129757806,1168.9051129757806,0.0,1.0,0.0
1168.9051129757806,1174.6839371666697,1201.1792361900773,1.0,4.0,2.0
1171.332134781486,1171.332134781486,1171.332134781486,0.0,1.0,0.0
1171.332134781486,1171.332134781486,1171.6852142520813,0.0,1.0,3.0
1171.6852142520813,1171.6852142520813,1266.1203826718997,0.0,2.0,10.0
1175.0939327537528,1175.0939327537528,1175.0939327537528,0.0,1.0,0.0
1175.0939327537528,1175.4239648986224,1185.171477599273,1.0,4.0,1.0
1178.6334462277307,1178.6334462277307,1178.6334462277307,0.0,1.0,0.0
1178.6334462277307,1180.7602066665015,1198.147889419184,1.0,4.0,1.0
1178.7953197415761,1190.9385815603844,1196.414915337165,1.0,4.0,2.0
1178.7953197415761,1178.7953197415761,1178.7953197415761,0.0,1.0,0.0
1179.5294259566763,1179.5294259566763,1196.0987549113452,0.0,1.0,3.0
1179.5294259566763,1179.5294259566763,1179.5294259566763,0.0,1.0,0.0
1183.011328354616,1183.011328354616,1183.011328354616,0.0,1.0,0.0
1183.011328354616,1184.9795847423095,1186.7692508082991,1.0,4.0,1.0
1185.047157497171,1185.047157497171,1186.4056353867609,0.0,1.0,13.0
1190.9385815603844,1774.3103035902323,1938.7079115481151,12.0,15.0,9.0
1196.0987549113452,1196.0987549113452,1232.1903494889118,0.0,3.0,10.0
1196.414915337165,1681.178883893301,1709.0646014554984,13.0,16.0,7.0
1198.7121406430795,1198.7121406430795,1198.7121406430795,0.0,1.0,0.0
1198.7121406430795,1198.7121406430795,1227.6454276798995,0.0,1.0,1.0
1199.0987830716203,1199.0987830716203,1199.0987830716203,0.0,1.0,0.0
1199.0987830716203,1199.0987830716203,1220.0061302214926,0.0,2.0,1.0
1201.0548580824468,1201.0548580824468,1201.0548580824468,0.0,1.0,0.0
1201.0548580824468,1201.0548580824468,1204.0775608169931,0.0,3.0,1.0
1201.1792361900773,1827.5634673310055,1904.824887554533,13.0,16.0,9.0
1202.0000590605214,1202.0000590605214,1217.575675563943,0.0,1.0,19.0
1203.9666335469644,1203.9666335469644,1334.5307631799603,0.0,3.0,16.0
1205.9449039393314,1205.9449039393314,1205.9449039393314,0.0,1.0,0.0
1205.9449039393314,1205.9449039393314,1214.229028854383,0.0,3.0,1.0
1207.5199813354068,1207.5199813354068,1296.3188488782253,0.0,2.0,19.0
1208.9057512875834,1208.9057512875834,1397.611545602696,0.0,1.0,22.0
1209.5412799774908,1214.229028854383,1218.046492343629,1.0,4.0,1.0
1209.5412799774908,1209.5412799774908,1209.5412799774908,0.0,1.0,0.0
1214.4518353370593,1214.4518353370593,1455.0257428179052,0.0,3.0,19.0
1214.817829251413,1214.817829251413,1290.9147808457449,0.0,1.0,13.0
1220.7202549770448,1220.7202549770448,1235.9400297034226,0.0,2.0,1.0
1220.7202549770448,1220.7202549770448,1220.7202549770448,0.0,1.0,0.0
1220.955910352637,1220.955910352637,1398.73144263853,0.0,3.0,19.0
1221.351991216772,1221.351991216772,1221.351991216772,0.0,1.0,0.0
1221.351991216772,1221.351991216772,1230.9671210799295,0.0,3.0,1.0
1224.499591019009,1227.6454276798995,1233.2810086797613,1.0,4.0,1.0
1224.499591019009,1224.499591019009,1224.499591019009,0.0,1.0,0.0
1229.2009494024132,1230.9671210799295,1241.0008968179495,1.0,4.0,1.0
1229.2009494024132,1229.2009494024132,1229.2009494024132,0.0,1.0,0.0
1232.1903494889118,1232.1903494889118,1324.0083697862513,0.0,1.0,31.0
1237.3801246217815,1237.3801246217815,1241.2767265673851,0.0,2.0,1.0
1237.3801246217815,1237.3801246217815,1237.3801246217815,0.0,1.0,0.0
1241.9705642710867,1241.9705642710867,1241.9705642710867,0.0,1.0,0.0
1241.9705642710867,1241.9705642710867,1269.2472637740893,0.0,1.0,1.0
1244.5583334180126,1244.5583334180126,1244.5583334180126,0.0,1.0,0.0
1244.5583334180126,1244.5583334180126,1288.4050101295961,0.0,2.0,1.0
1245.14268257641,1245.14268257641,1245.14268257641,0.0,1.0,0.0
1245.14268257641,1245.14268257641,1246.9782755410513,0.0,3.0,1.0
1247.1414283877498,1247.1414283877498,1276.002527147448,0.0,2.0,22.0
1247.5282330869493,1247.5282330869493,1302.966801964721,0.0,1.0,28.0
1248.2836610279926,1248.2836610279926,1255.1430692811048,0.0,3.0,1.0
1248.2836610279926,1248.2836610279926,1248.2836610279926,0.0,1.0,0.0
1248.5911994888334,1255.1430692811048,1279.3412228946977,1.0,4.0,1.0
1248.5911994888334,1248.5911994888334,1248.5911994888334,0.0,1.0,0.0
1254.5973698785772,1254.5973698785772,1254.5973698785772,0.0,1.0,0.0
1254.5973698785772,1254.5973698785772,1263.6392177209777,0.0,1.0,2.0
1254.8417234559763,1254.8417234559763,1254.8417234559763,0.0,1.0,0.0
1254.8417234559763,1254.8417234559763,1258.6867542037965,0.0,2.0,2.0
1255.0213828395092,1255.0213828395092,1261.4025898704986,0.0,3.0,2.0
1255.0213828395092,1255.0213828395092,1255.0213828395092,0.0,1.0,0.0
1255.253170654816,1255.253170654816,1255.253170654816,0.0,1.0,0.0
1255.253170654816,1269.2472637740893,1285.5674286583135,1.0,4.0,1.0
1257.5500071586503,1258.6867542037965,1261.5002465277928,1.0,4.0,2.0
1257.5500071586503,1257.5500071586503,1257.5500071586503,0.0,1.0,0.0
1258.6867542037965,1709.0646014554984,1710.163776203435,12.0,15.0,7.0
1261.4025898704986,1710.163776203435,1953.8556541804166,13.0,16.0,7.0
1261.5002465277928,1904.824887554533,1955.545699598775,13.0,16.0,9.0
1265.3120661499,1296.3188488782253,1521.507762573104,1.0,4.0,19.0
1266.1203826718997,1266.1203826718997,1567.8048580126554,0.0,2.0,31.0
1267.6013792164888,1267.6013792164888,1267.6013792164888,0.0,1.0,0.0
1267.6013792164888,1267.6013792164888,1284.7092179845924,0.0,1.0,2.0
1268.9444826973356,1268.9444826973356,1288.4207216168966,0.0,2.0,2.0
1268.9444826973356,1268.9444826973356,1268.9444826973356,0.0,1.0,0.0
1270.8418951510264,1270.8418951510264,1784.294892002817,0.0,1.0,26.0
1271.2928251652766,1271.2928251652766,1271.2928251652766,0.0,1.0,0.0
1271.2928251652766,1279.3412228946977,1308.049970518488,1.0,4.0,1.0
1272.3657199249537,1272.3657199249537,1279.2230585411826,0.0,3.0,2.0
1272.3657199249537,1272.3657199249537,1272.3657199249537,0.0,1.0,0.0
1286.2215205283308,1286.2215205283308,1321.1292717392405,0.0,1.0,20.0
1286.968292497232,1286.968292497232,1289.4963581263994,0.0,3.0,1.0
1286.968292497232,1286.968292497232,1286.968292497232,0.0,1.0,0.0
1287.0742921173112,1288.4050101295961,1340.927763944572,1.0,4.0,1.0
1287.0742921173112,1287.0742921173112,1287.0742921173112,0.0,1.0,0.0
1288.812989554383,1288.812989554383,1288.812989554383,0.0,1.0,0.0
1288.812989554383,1289.4963581263994,1292.938024196923,1.0,4.0,1.0
1289.4759551693533,1289.4759551693533,1363.8923243068868,0.0,2.0,22.0
1293.103946965441,1293.103946965441,1295.7542630910123,0.0,3.0,1.0
1293.103946965441,1293.103946965441,1293.103946965441,0.0,1.0,0.0
1314.8880401665353,1314.8880401665353,1314.9425267279646,0.0,2.0,1.0
1314.8880401665353,1314.8880401665353,1314.8880401665353,0.0,1.0,0.0
1315.533756602424,1315.533756602424,1373.2315999924595,0.0,3.0,22.0
1326.1857313078515,1398.73144263853,1437.3705163614025,1.0,4.0,19.0
1328.5940889489527,1328.5940889489527,1369.0873109923575,0.0,1.0,13.0
1334.8932007907765,1334.8932007907765,1358.926941291046,0.0,2.0,1.0
1334.8932007907765,1334.8932007907765,1334.8932007907765,0.0,1.0,0.0
1339.097981258734,1339.097981258734,1395.4603272095378,0.0,3.0,1.0
1339.097981258734,1339.097981258734,1339.097981258734,0.0,1.0,0.0
1341.5960183056468,1341.5960183056468,1519.8409786006016,0.0,1.0,20.0
1344.9381589190423,1344.9381589190423,1344.9381589190423,0.0,1.0,0.0
1344.9381589190423,1344.9381589190423,1347.0829846493284,0.0,3.0,1.0
1345.0501514854848,1347.0829846493284,1348.8852671226407,1.0,4.0,1.0
1345.0501514854848,1345.0501514854848,1345.0501514854848,0.0,1.0,0.0
1349.412754655758,1349.412754655758,1349.412754655758,0.0,1.0,0.0
1349.412754655758,1349.412754655758,1359.21213283412,0.0,3.0,1.0
1354.018381394826,1354.018381394826,1598.3247888182793,0.0,2.0,20.0
1354.4712647416354,1354.4712647416354,1354.4712647416354,0.0,1.0,0.0
1354.4712647416354,1358.926941291046,1378.2886444985395,1.0,4.0,1.0
1357.0564120590263,1357.0564120590263,1387.5645051021097,0.0,1.0,2.0
1357.0564120590263,1357.0564120590263,1357.0564120590263,0.0,1.0,0.0
1361.8455839140202,1361.8455839140202,1531.187918730327,0.0,2.0,31.0
1367.7600082576469,1367.7600082576469,1394.5900544606407,0.0,3.0,1.0
1367.7600082576469,1367.7600082576469,1367.7600082576469,0.0,1.0,0.0
1376.5829743479403,1376.5829743479403,1376.5829743479403,0.0,1.0,0.0
1376.5829743479403,1378.2886444985395,1389.5141058526235,1.0,4.0,1.0
1376.636492012569,1376.636492012569,1376.636492012569,0.0,1.0,0.0
1376.636492012569,1376.636492012569,1388.67032486548,0.0,2.0,2.0
1385.2817620221358,1385.2817620221358,1385.2817620221358,0.0,1.0,0.0
1385.2817620221358,1389.5141058526235,1393.0815105642218,1.0,4.0,1.0
1387.0605596715623,1387.0605596715623,1577.434504749495,0.0,2.0,22.0
1387.5645051021097,1756.0111355210884,1941.847627547657,12.0,15.0,7.0
1390.7582972906907,1390.7582972906907,1390.7582972906907,0.0,1.0,0.0
1390.7582972906907,1393.0815105642218,1398.8809855954428,1.0,4.0,1.0
1392.4138634316128,1392.4138634316128,1515.5825317218346,0.0,3.0,25.0
1399.3556720856539,1399.3556720856539,1399.3556720856539,0.0,1.0,0.0
1399.3556720856539,1399.3556720856539,1411.3282110085506,0.0,1.0,1.0
1403.013087203968,1403.013087203968,1414.3197358418058,0.0,2.0,1.0
1403.013087203968,1403.013087203968,1403.013087203968,0.0,1.0,0.0
1413.4765449383988,1413.4765449383988,1448.394987796948,0.0,1.0,28.0
1421.105797935347,1421.105797935347,1441.3503220245677,0.0,1.0,1.0
1421.105797935347,1421.105797935347,1421.105797935347,0.0,1.0,0.0
1426.165205110303,1426.165205110303,1602.281056100515,0.0,2.0,22.0
1426.7135159048937,1426.7135159048937,1426.7135159048937,0.0,1.0,0.0
1426.7135159048937,1426.7135159048937,1432.2290941438653,0.0,2.0,1.0
1428.5472553346192,1428.5472553346192,1587.233743769886,0.0,2.0,13.0
1428.7858787221642,1428.7858787221642,1428.7858787221642,0.0,1.0,0.0
1428.7858787221642,1428.7858787221642,1455.009412524581,0.0,3.0,1.0
1431.5591242277499,1432.2290941438653,1440.3055967448347,1.0,4.0,1.0
1431.5591242277499,1431.5591242277499,1431.5591242277499,0.0,1.0,0.0
1432.4773396806902,1432.4773396806902,1432.4773396806902,0.0,1.0,0.0
1432.4773396806902,1440.3055967448347,1489.959972211375,1.0,4.0,1.0
1433.1646699808136,1433.1646699808136,1433.1646699808136,0.0,1.0,0.0
1433.1646699808136,1433.1646699808136,1437.2074290234625,0.0,1.0,2.0
1433.884749690185,1433.884749690185,1435.054401034385,0.0,2.0,2.0
1433.884749690185,1433.884749690185,1433.884749690185,0.0,1.0,0.0
1434.5718425199636,1434.5718425199636,1466.2002028989682,0.0,3.0,25.0
1435.8462142164453,1435.8462142164453,1547.861914633319,0.0,2.0,28.0
1453.7183826383064,1453.7183826383064,1455.4504443538808,0.0,3.0,22.0
1458.929856219964,1458.929856219964,1464.2667428488974,0.0,2.0,1.0
1458.929856219964,1458.929856219964,1458.929856219964,0.0,1.0,0.0
1461.1997625464476,1461.1997625464476,1473.704544941558,0.0,3.0,1.0
1461.1997625464476,1461.1997625464476,1461.1997625464476,0.0,1.0,0.0
1469.349838692838,1469.349838692838,1549.6272979265198,0.0,2.0,28.0
1472.7093820091147,1472.7093820091147,1475.0709510818306,0.0,3.0,1.0
1472.7093820091147,1472.7093820091147,1472.7093820091147,0.0,1.0,0.0
1472.7837030936487,1472.7837030936487,1472.7837030936487,0.0,1.0,0.0
1472.7837030936487,1473.704544941558,1481.4738019787383,1.0,4.0,1.0
1476.475294786031,1476.475294786031,1481.7283947908493,0.0,2.0,19.0
1486.464277211029,1486.464277211029,1486.464277211029,0.0,1.0,0.0
1486.464277211029,1486.464277211029,1495.2326403735563,0.0,2.0,1.0
1491.4968912902846,1491.4968912902846,1491.4968912902846,0.0,1.0,0.0
1491.4968912902846,1491.4968912902846,1516.7653304075384,0.0,2.0,1.0
1502.7941075141807,1502.7941075141807,1502.7941075141807,0.0,1.0,0.0
1502.7941075141807,1502.7941075141807,1508.061993809315,0.0,2.0,1.0
1504.4409722111159,1504.4409722111159,1731.4414206064653,0.0,2.0,25.0
1504.834549660433,1504.834549660433,1504.834549660433,0.0,1.0,0.0
1504.834549660433,1504.834549660433,1509.1011810548523,0.0,3.0,1.0
1506.7487573506382,1508.061993809315,1521.252741529671,1.0,4.0,1.0
1506.7487573506382,1506.7487573506382,1506.7487573506382,0.0,1.0,0.0
1507.4107963779898,1507.4107963779898,1835.9609482746205,0.0,3.0,25.0
1507.6487775847997,1507.6487775847997,1514.590838775979,0.0,3.0,28.0
1512.9155857746816,1512.9155857746816,1512.9155857746816,0.0,1.0,0.0
1512.9155857746816,1512.9155857746816,1513.8949140488432,0.0,3.0,1.0
1520.4856882851807,1520.4856882851807,1520.4856882851807,0.0,1.0,0.0
1520.4856882851807,1520.4856882851807,1552.0221170074465,0.0,2.0,1.0
1521.6960672133719,1521.6960672133719,1698.1704523998824,0.0,3.0,22.0
1522.5296802567284,1522.5296802567284,1522.5296802567284,0.0,1.0,0.0
1522.5296802567284,1522.5296802567284,1536.6217216097002,0.0,2.0,1.0
1522.6865384834869,1522.6865384834869,1522.6865384834869,0.0,1.0,0.0
1522.6865384834869,1522.6865384834869,1528.510128832528,0.0,3.0,1.0
1524.248700921344,1524.248700921344,1608.6977453502764,0.0,3.0,28.0
1528.3237999441953,1528.3237999441953,1528.3237999441953,0.0,1.0,0.0
1528.3237999441953,1528.510128832528,1536.6437028526416,1.0,4.0,1.0
1529.8041702825199,1529.8041702825199,1554.1035342308105,0.0,1.0,16.0
1533.8255537918142,1547.861914633319,1658.1503483460897,1.0,4.0,28.0
1538.3583519959527,1538.3583519959527,1538.3583519959527,0.0,1.0,0.0
1538.3583519959527,1538.3583519959527,1545.1709264874257,0.0,2.0,1.0
1540.5509171518872,1540.5509171518872,1540.5509171518872,0.0,1.0,0.0
1540.5509171518872,1540.5509171518872,1558.2990522687255,0.0,3.0,1.0
1544.5681904964272,1545.1709264874257,1550.0135009495377,1.0,4.0,1.0
1544.5681904964272,1544.5681904964272,1544.5681904964272,0.0,1.0,0.0
1545.33072647111,1545.33072647111,1545.33072647111,0.0,1.0,0.0
1545.33072647111,1550.0135009495377,1556.9045764863538,1.0,4.0,1.0
1547.4301283262078,1577.434504749495,1796.8300562674622,1.0,4.0,22.0
1550.7678748186647,1552.0221170074465,1560.8291744614971,1.0,4.0,1.0
1550.7678748186647,1550.7678748186647,1550.7678748186647,0.0,1.0,0.0
1551.9055815643178,1551.9055815643178,1553.8431323964085,0.0,1.0,2.0
1551.9055815643178,1551.9055815643178,1551.9055815643178,0.0,1.0,0.0
1553.260681002328,1556.9045764863538,1580.914695774565,1.0,4.0,1.0
1553.260681002328,1553.260681002328,1553.260681002328,0.0,1.0,0.0
1554.2149865024746,1554.2149865024746,1554.2149865024746,0.0,1.0,0.0
1554.2149865024746,1554.2149865024746,1555.4088180726287,0.0,1.0,2.0
1555.1549659984212,1555.1549659984212,1560.0654824230771,0.0,2.0,2.0
1555.1549659984212,1555.1549659984212,1555.1549659984212,0.0,1.0,0.0
1557.2743703756234,1557.2743703756234,1557.2743703756234,0.0,1.0,0.0
1557.2743703756234,1558.2990522687255,1574.3020553416366,1.0,4.0,1.0
1561.112865608772,1561.112865608772,1561.112865608772,0.0,1.0,0.0
1561.112865608772,1561.112865608772,1573.17386952591,0.0,3.0,1.0
1561.9225979318596,1561.9225979318596,1665.5711642718948,0.0,1.0,23.0
1567.2942256319857,1567.2942256319857,1577.8250730023983,0.0,3.0,25.0
1567.7483788055401,1567.7483788055401,1784.4146487336982,0.0,1.0,16.0
1572.6952654931329,1572.6952654931329,1572.6952654931329,0.0,1.0,0.0
1572.6952654931329,1573.17386952591,1576.9026814821964,1.0,4.0,1.0
1573.879431750181,1573.879431750181,1573.879431750181,0.0,1.0,0.0
1573.879431750181,1574.3020553416366,1600.3110802906242,1.0,4.0,1.0
1575.6357023332157,1575.6357023332157,1617.0861954055847,0.0,2.0,23.0
1576.906250664591,1576.906250664591,1584.984449726789,0.0,3.0,1.0
1576.906250664591,1576.906250664591,1576.906250664591,0.0,1.0,0.0
1583.4265470571893,1583.4265470571893,1616.516437815284,0.0,3.0,1.0
1583.4265470571893,1583.4265470571893,1583.4265470571893,0.0,1.0,0.0
1590.9156927757538,1731.4414206064653,1733.2128897114026,1.0,4.0,25.0
1591.5618542005861,1591.5618542005861,1599.4184233478018,0.0,3.0,1.0
1591.5618542005861,1591.5618542005861,1591.5618542005861,0.0,1.0,0.0
1593.331194838841,1593.331194838841,1634.4390887892564,0.0,2.0,13.0
1595.0123202116372,1595.0123202116372,1595.0123202116372,0.0,1.0,0.0
1595.0123202116372,1599.4184233478018,1600.8995249544134,1.0,4.0,1.0
1595.2581248271279,1595.2581248271279,1877.8366553483397,0.0,3.0,28.0
1595.5709282555,1608.6977453502764,1686.6804252241075,1.0,4.0,28.0
1597.0478855335314,1597.0478855335314,1597.0478855335314,0.0,1.0,0.0
1597.0478855335314,1597.0478855335314,1617.62883798666,0.0,1.0,2.0
1600.2765617209257,1600.3110802906242,1610.1108912868926,1.0,4.0,1.0
1600.2765617209257,1600.2765617209257,1600.2765617209257,0.0,1.0,0.0
1600.759137778849,1600.759137778849,1656.4602214120944,0.0,2.0,26.0
1605.52552692801,1605.52552692801,1836.336538218737,0.0,1.0,29.0
1608.9407328205868,1608.9407328205868,1608.9407328205868,0.0,1.0,0.0
1608.9407328205868,1608.9407328205868,1633.0165716376919,0.0,3.0,1.0
1609.0301651895309,1610.1108912868926,1628.8569982986087,1.0,4.0,1.0
1609.0301651895309,1609.0301651895309,1609.0301651895309,0.0,1.0,0.0
1611.4413727327315,1616.516437815284,1620.9751122064426,1.0,4.0,1.0
1611.4413727327315,1611.4413727327315,1611.4413727327315,0.0,1.0,0.0
1619.7835997460377,1620.9751122064426,1638.789109917029,1.0,4.0,1.0
1619.7835997460377,1619.7835997460377,1619.7835997460377,0.0,1.0,0.0
1621.3059376952738,1628.8569982986087,1633.6784877447092,1.0,4.0,1.0
1621.3059376952738,1621.3059376952738,1621.3059376952738,0.0,1.0,0.0
1623.5839415136331,1623.5839415136331,1623.5839415136331,0.0,1.0,0.0
1623.5839415136331,1623.5839415136331,1634.6975805802922,0.0,1.0,2.0
1633.1212552227696,1633.1212552227696,1633.1212552227696,0.0,1.0,0.0
1633.1212552227696,1633.1212552227696,1639.7412614623533,0.0,3.0,1.0
1636.8958850600318,1636.8958850600318,1636.8958850600318,0.0,1.0,0.0
1636.8958850600318,1636.8958850600318,1638.3726834020931,0.0,3.0,1.0
1636.974015168377,1638.3726834020931,1703.7022531669932,1.0,4.0,1.0
1636.974015168377,1636.974015168377,1636.974015168377,0.0,1.0,0.0
1637.8760975798452,1637.8760975798452,1660.7809315779575,0.0,1.0,2.0
1637.8760975798452,1637.8760975798452,1637.8760975798452,0.0,1.0,0.0
1639.4612530605423,1639.4612530605423,1713.300113787335,0.0,3.0,22.0
1656.1726869326708,1656.1726869326708,1656.1726869326708,0.0,1.0,0.0
1656.1726869326708,1656.1726869326708,1657.7563287293474,0.0,2.0,1.0
1661.2209142469176,1661.2209142469176,1662.6336620149837,0.0,2.0,1.0
1661.2209142469176,1661.2209142469176,1661.2209142469176,0.0,1.0,0.0
1663.3816564558335,1663.3816564558335,1663.3816564558335,0.0,1.0,0.0
1663.3816564558335,1663.3816564558335,1671.1919228341083,0.0,2.0,1.0
1666.5316353862454,1666.5316353862454,1670.1003693567088,0.0,3.0,1.0
1666.5316353862454,1666.5316353862454,1666.5316353862454,0.0,1.0,0.0
1670.4103093950782,1670.4103093950782,1870.1037788370852,0.0,1.0,19.0
1681.178883893301,1698.1704523998824,1841.8655202812988,1.0,4.0,22.0
1684.599412723603,1684.599412723603,1684.599412723603,0.0,1.0,0.0
1684.599412723603,1684.599412723603,1694.8080253950527,0.0,2.0,1.0
1689.4457124753508,1689.4457124753508,1691.1840238845023,0.0,3.0,1.0
1689.4457124753508,1689.4457124753508,1689.4457124753508,0.0,1.0,0.0
1700.3553366952438,1700.3553366952438,1839.4055762179062,0.0,2.0,16.0
1700.469175624083,1700.469175624083,1701.0243675366153,0.0,2.0,1.0
1700.469175624083,1700.469175624083,1700.469175624083,0.0,1.0,0.0
1703.7098503806858,1703.7098503806858,1761.6745190543402,0.0,2.0,26.0
1704.680241746163,1704.680241746163,1710.400497287457,0.0,3.0,16.0
1706.9673749637934,1706.9673749637934,1718.9737569291306,0.0,1.0,1.0
1706.9673749637934,1706.9673749637934,1706.9673749637934,0.0,1.0,0.0
1709.0646014554984,1713.300113787335,1871.1790245919829,1.0,4.0,22.0
1710.163776203435,1710.163776203435,1758.6858226292698,0.0,1.0,23.0
1720.437482071156,1720.437482071156,1721.901988072404,0.0,1.0,1.0
1720.437482071156,1720.437482071156,1720.437482071156,0.0,1.0,0.0
1726.620872859833,1796.8300562674622,1814.5498695495733,1.0,4.0,22.0
1734.4427144326455,1734.4427144326455,1753.0649125915488,0.0,1.0,1.0
1734.4427144326455,1734.4427144326455,1734.4427144326455,0.0,1.0,0.0
1736.8498389716688,1736.8498389716688,1810.2397660344022,0.0,2.0,13.0
1740.4264801849781,1740.4264801849781,1981.612954746869,0.0,2.0,28.0
1741.5943299105572,1741.5943299105572,1741.5943299105572,0.0,1.0,0.0
1741.5943299105572,1741.5943299105572,1742.2800125051438,0.0,2.0,1.0
1743.118649738662,1743.118649738662,1744.7031667698398,0.0,2.0,1.0
1743.118649738662,1743.118649738662,1743.118649738662,0.0,1.0,0.0
1749.3638083925148,1749.3638083925148,1750.4354944989911,0.0,2.0,1.0
1749.3638083925148,1749.3638083925148,1749.3638083925148,0.0,1.0,0.0
1751.6575258662654,1751.6575258662654,1775.9400571041092,0.0,2.0,1.0
1751.6575258662654,1751.6575258662654,1751.6575258662654,0.0,1.0,0.0
1754.7933983427847,1754.7933983427847,1940.7585081548355,0.0,2.0,19.0
1754.8229729776624,1784.4146487336982,1862.200055323217,1.0,4.0,16.0
1756.0111355210884,1756.0111355210884,1821.6374407561298,0.0,2.0,23.0
1771.1688373374895,1771.1688373374895,1778.511852741655,0.0,2.0,1.0
1771.1688373374895,1771.1688373374895,1771.1688373374895,0.0,1.0,0.0
1774.3103035902323,1774.3103035902323,1781.3856486934667,0.0,3.0,28.0
1774.3414902540894,1774.3414902540894,1791.0798505539944,0.0,3.0,1.0
1774.3414902540894,1774.3414902540894,1774.3414902540894,0.0,1.0,0.0
1778.9417894053684,1778.9417894053684,1801.3869028515226,0.0,2.0,1.0
1778.9417894053684,1778.9417894053684,1778.9417894053684,0.0,1.0,0.0
1782.931665265927,1782.931665265927,1788.8086799942675,0.0,3.0,1.0
1782.931665265927,1782.931665265927,1782.931665265927,0.0,1.0,0.0
1787.3067892058193,1788.8086799942675,1794.5073502950909,1.0,4.0,1.0
1787.3067892058193,1787.3067892058193,1787.3067892058193,0.0,1.0,0.0
1788.4137131923735,1788.4137131923735,1788.7283872516634,0.0,1.0,2.0
1788.4137131923735,1788.4137131923735,1788.4137131923735,0.0,1.0,0.0
1790.7498175489782,1791.0798505539944,1827.8373935562452,1.0,4.0,1.0
1790.7498175489782,1790.7498175489782,1790.7498175489782,0.0,1.0,0.0
1793.1781494555764,1794.5073502950909,1796.5261225082334,1.0,4.0,1.0
1793.1781494555764,1793.1781494555764,1793.1781494555764,0.0,1.0,0.0
1794.5479298367297,1794.5479298367297,1823.08201186609,0.0,3.0,13.0
1796.4368730085864,1796.4368730085864,1796.4368730085864,0.0,1.0,0.0
1796.4368730085864,1796.5261225082334,1839.2007722515161,1.0,4.0,1.0
1799.0520738368448,1799.0520738368448,1799.0520738368448,0.0,1.0,0.0
1799.0520738368448,1801.3869028515226,1808.6129172166568,1.0,4.0,1.0
1806.7971305820797,1808.6129172166568,1816.6340726196784,1.0,4.0,1.0
1806.7971305820797,1806.7971305820797,1806.7971305820797,0.0,1.0,0.0
1807.1767538471222,1870.1037788370852,1942.2295441566334,1.0,4.0,19.0
1818.451963334978,1835.9609482746205,1859.9522966200293,1.0,4.0,25.0
1821.6567517677008,1821.6567517677008,1863.5781662759346,0.0,3.0,1.0
1821.6567517677008,1821.6567517677008,1821.6567517677008,0.0,1.0,0.0
1827.8542466597655,1827.8542466597655,1838.7182397357149,0.0,1.0,20.0
1829.3828013822433,1829.3828013822433,1829.3828013822433,0.0,1.0,0.0
1829.3828013822433,1829.3828013822433,1853.1302776416392,0.0,3.0,1.0
1834.7127539032022,1839.2007722515161,1877.5145869842179,1.0,4.0,1.0
1834.7127539032022,1834.7127539032022,1834.7127539032022,0.0,1.0,0.0
1836.3647804556338,1836.3647804556338,1839.4623556134109,0.0,1.0,2.0
1836.3647804556338,1836.3647804556338,1836.3647804556338,0.0,1.0,0.0
1841.1585407917314,1841.1585407917314,1841.1585407917314,0.0,1.0,0.0
1841.1585407917314,1853.1302776416392,1896.5330241620031,1.0,4.0,1.0
1845.4155722700827,1845.4155722700827,1873.0728148689443,0.0,1.0,2.0
1845.4155722700827,1845.4155722700827,1845.4155722700827,0.0,1.0,0.0
1846.8397740221594,1862.200055323217,1928.6737245830057,1.0,4.0,16.0
1849.051029787453,1849.051029787453,1849.051029787453,0.0,1.0,0.0
1849.051029787453,1849.051029787453,1856.193360678853,0.0,2.0,2.0
1875.1207006589195,1875.1207006589195,1875.1207006589195,0.0,1.0,0.0
1875.1207006589195,1875.1207006589195,1891.4794876229698,0.0,3.0,1.0
1877.4919630672377,1877.5145869842179,1889.644778400083,1.0,4.0,1.0
1877.4919630672377,1877.4919630672377,1877.4919630672377,0.0,1.0,0.0
1882.8814447112707,1882.8814447112707,1882.8814447112707,0.0,1.0,0.0
1882.8814447112707,1889.644778400083,1926.957180388283,1.0,4.0,1.0
1893.625108673451,1893.625108673451,1939.0123369675266,0.0,3.0,13.0
1894.5625481987843,1894.5625481987843,1894.5625481987843,0.0,1.0,0.0
1894.5625481987843,1894.5625481987843,1902.4407878724228,0.0,3.0,1.0
1896.9180067915613,1896.9180067915613,1905.559787329851,0.0,3.0,1.0
1896.9180067915613,1896.9180067915613,1896.9180067915613,0.0,1.0,0.0
1898.9523595243131,1939.0123369675266,1961.8551610607503,1.0,4.0,13.0
1900.7011196388455,1900.7011196388455,1900.7011196388455,0.0,1.0,0.0
1900.7011196388455,1902.4407878724228,1905.4918957674,1.0,4.0,1.0
1904.824887554533,1904.824887554533,1955.4729890947644,0.0,3.0,28.0
1906.3238580184786,1906.3238580184786,1912.636939659588,0.0,2.0,1.0
1906.3238580184786,1906.3238580184786,1906.3238580184786,0.0,1.0,0.0
1906.56446670773,1906.56446670773,1925.6451946067582,0.0,3.0,1.0
1906.56446670773,1906.56446670773,1906.56446670773,0.0,1.0,0.0
1906.9694242083324,1912.636939659588,1914.166010317732,1.0,4.0,1.0
1906.9694242083324,1906.9694242083324,1906.9694242083324,0.0,1.0,0.0
1909.8002450206764,1909.8002450206764,1909.8002450206764,0.0,1.0,0.0
1909.8002450206764,1909.8002450206764,1918.4049592376643,0.0,1.0,2.0
1912.6183074109056,1912.6183074109056,1920.3231095239685,0.0,2.0,2.0
1912.6183074109056,1912.6183074109056,1912.6183074109056,0.0,1.0,0.0
1915.3054902484496,1915.3054902484496,1916.0200068011497,0.0,3.0,1.0
1915.3054902484496,1915.3054902484496,1915.3054902484496,0.0,1.0,0.0
1920.5107691260155,1920.5107691260155,1920.5107691260155,0.0,1.0,0.0
1920.5107691260155,1920.5107691260155,1977.2054446920545,0.0,3.0,1.0
1923.3871182308487,1925.6451946067582,1953.4101082599595,1.0,4.0,1.0
1923.3871182308487,1923.3871182308487,1923.3871182308487,0.0,1.0,0.0
1925.1641936537233,1925.1641936537233,1925.1641936537233,0.0,1.0,0.0
1925.1641936537233,1925.1641936537233,1930.8803780675887,0.0,1.0,2.0
1930.27193485496,1930.27193485496,1936.0003659794081,0.0,3.0,1.0
1930.27193485496,1930.27193485496,1930.27193485496,0.0,1.0,0.0
1932.4025519555025,1936.0003659794081,1962.5178326936345,1.0,4.0,1.0
1932.4025519555025,1932.4025519555025,1932.4025519555025,0.0,1.0,0.0
1937.0630453004062,1937.0630453004062,1937.0630453004062,0.0,1.0,0.0
1937.0630453004062,1953.4101082599595,1962.6996252291713,1.0,4.0,1.0
1941.275546092752,1941.275546092752,1941.275546092752,0.0,1.0,0.0
1941.275546092752,1941.275546092752,1959.0239595666662,0.0,1.0,2.0
1941.847627547657,1941.847627547657,1985.1218308609148,0.0,1.0,22.0
1951.3858384922157,1951.3858384922157,1951.3858384922157,0.0,1.0,0.0
1951.3858384922157,1951.3858384922157,1965.762840571754,0.0,2.0,2.0
1959.3034052569271,1962.5178326936345,1974.781945130053,1.0,4.0,1.0
1959.3034052569271,1959.3034052569271,1959.3034052569271,0.0,1.0,0.0
1960.7468137822395,1960.7468137822395,1960.7468137822395,0.0,1.0,0.0
1960.7468137822395,1960.7468137822395,1974.9104636047327,0.0,2.0,2.0
1960.9493791568561,1960.9493791568561,1962.9792063252833,0.0,3.0,2.0
1960.9493791568561,1960.9493791568561,1960.9493791568561,0.0,1.0,0.0
1966.6064906558404,1966.6064906558404,1966.6064906558404,0.0,1.0,0.0
1966.6064906558404,1966.6064906558404,1969.0861622726554,0.0,3.0,1.0
1966.7358444901413,1969.0861622726554,1972.4287109587196,1.0,4.0,1.0
1966.7358444901413,1966.7358444901413,1966.7358444901413,0.0,1.0,0.0
1969.2391206625437,1969.2391206625437,1969.2391206625437,0.0,1.0,0.0
1969.2391206625437,1972.4287109587196,1995.0132852631887,1.0,4.0,1.0
1971.630648075132,1971.630648075132,1972.3363378950048,0.0,2.0,2.0
1971.630648075132,1971.630648075132,1971.630648075132,0.0,1.0,0.0
1977.984757139969,1977.984757139969,1979.1275601550826,0.0,2.0,1.0
1977.984757139969,1977.984757139969,1977.984757139969,0.0,1.0,0.0
1979.3631398755806,1979.3631398755806,1979.3631398755806,0.0,1.0,0.0
1979.3631398755806,1979.3631398755806,2000.627467493628,0.0,2.0,1.0
1989.2636807006293,1989.2636807006293,1989.2636807006293,0.0,1.0,0.0
1992.4994711302108,1992.4994711302108,1992.4994711302108,0.0,1.0,0.0
1993.1734675877683,1993.1734675877683,1993.1734675877683,0.0,1.0,0.0
1994.4756223088402,1994.4756223088402,1994.4756223088402,0.0,1.0,0.0
1995.2100868269602,1995.2100868269602,1995.2100868269602,0.0,1.0,0.0
